Field Label, Field API Name,Count,Account-Account Layout - Animas.layout,Account-Account Layout.layout,Account-Ani - Sales Account - General.layout,Account-CS Account Layout - Animas.layout,Account-CS Account Layout.layout,Account-EMEA - Account Layout - Animas.layout,Account-EMEA - Account Layout.layout,Account-EMEA - Sales Account - FR%2FRU%2FES%2FPT - Animas.layout,Account-EMEA - Sales Account - FR%2FRU%2FES%2FPT.layout,Account-EMEA - Sales Account - General - Animas.layout,Account-EMEA - Sales Account - General.layout,Account-LFS Account Admin Layout.layout,Account-LFS Channel Account Layout.layout,Account-LFS Customer Service Account Layout.layout,Account-LFS ID Account Layout.layout,Account-LFS Payer Account Layout.layout,Account-Sales Account - FR%2FRU.layout,Account-Sales Account- Animas.layout,Account-Sales Account- FR%2FRU%2FES%2FPT.layout,Account-Sales Account- General.layout,Account-Strategic Affairs.layout,Account-Tender Administrative Entity Page Layout.layout,Account-US - Sales Account - General.layout,Account.object,AccountContractValidationMatrix__c-AccountContractValidationMatrix Layout.layout,Account_Address__c-Account Address Layout LFS US.layout,Account_Address__c-Account Address Layout.layout,Account_Attributes__c-Account Attributes Layout.layout,Account_Attributes__c-Contracting %2FPolicy Change Layout.layout,Account_Attributes__c-Program Commitments Layout.layout,Account_Attributes__c-Program Implementations Layout.layout,Account_Growth_Initiatives_Meas__c-Account Growth Initiatives Measurement Layout.layout,Account_Growth_Initiatives_Meas__c-Case Management Layout.layout,Account_Growth_Initiatives_Meas__c-Measurement Notes Layout.layout,Account_Growth_Initiatives_Meas__c-Quarterly business review layout.layout,Account_Growth_Initiatives_Meas__c-Ride Along with DSS in Key Markets Layout.layout,Account_Product__c-Strategic Affairs.layout,PersonAccount-Admin Patient Layout.layout,PersonAccount-Animas Patient Layout.layout,PersonAccount-CS ISO Patient Layout.layout,PersonAccount-CS Non Patient Layout - APAC %28CN %26 IN%29.layout,PersonAccount-CS Non Patient Layout - EMEA.layout,PersonAccount-CS Non Patient Layout - US.layout,PersonAccount-CS Non Patient Layout.layout,PersonAccount-CS Patient Layout - AP.layout,PersonAccount-CS Patient Layout - APAC %28CN %26 IN%29.layout,PersonAccount-CS Patient Layout - EMEA.layout,PersonAccount-CS Patient Layout - RU.layout,PersonAccount-CS Patient Layout - US.layout,PersonAccount-CS Patient Layout Latam.layout,PersonAccount-CS Patient Layout.layout,PersonAccount-CSA Patient Layout - US.layout,
# Animas Pumps Placed Last 12 Months,Pumps_Placed_Last_Year__c,0,,,,,,,,,,,,,,,,,,,,,,,,,,,,,,,,,,,,,,,,,,,,,,,,,,,,,
# Animas Pumps Placed Last 4 Years,Pumps_Placed_Last_4_Years__c,0,,,,,,,,,,,,,,,,,,,,,,,,,,,,,,,,,,,,,,,,,,,,,,,,,,,,,
# Of Targets,Of_Targets__c,0,,,,,,,,,,,,,,,,,,,,,,,,,,,,,,,,,,,,,,,,,,,,,,,,,,,,,
# Patients Total,Patients_Total__c,9,,,YES,,,,,YES,YES,YES,YES,,,,,,YES,,YES,YES,,,YES,,,,,,,,,,,,,,,,,,,,,,,,,,,,,,
# Patients Type 1,Patients_Type_1__c,9,,,YES,,,,,YES,YES,YES,YES,,,,,,YES,,YES,YES,,,YES,,,,,,,,,,,,,,,,,,,,,,,,,,,,,,
# Patients Type 2 with insulin,Patients_Type_2_with_insulin__c,9,,,YES,,,,,YES,YES,YES,YES,,,,,,YES,,YES,YES,,,YES,,,,,,,,,,,,,,,,,,,,,,,,,,,,,,
# Patients Type 2 without insulin,Patients_Type_2_without_insulin__c,9,,,YES,,,,,YES,YES,YES,YES,,,,,,YES,,YES,YES,,,YES,,,,,,,,,,,,,,,,,,,,,,,,,,,,,,
# Sensor Patients,Number_Sensor_Patients__c,11,YES,YES,,YES,YES,YES,YES,YES,YES,YES,YES,,,,,,,,,YES,,,,,,,,,,,,,,,,,,,,,,,,,,,,,,,,,
# of Diasend transmitters,of_Diasend_transmitters_ANMS__c,1,,,,,,,,,,,,,,,,,,YES,,,,,,,,,,,,,,,,,,,,,,,,,,,,,,,,,,,
# of Diasend uploaders,of_Diasend_uploaders_ANMS__c,1,,,,,,,,,,,,,,,,,,YES,,,,,,,,,,,,,,,,,,,,,,,,,,,,,,,,,,,
# of Dist. Centers,Num_of_Dist_Centers__c,3,,,,,,,,,,,,YES,YES,YES,,,,,,,,,,,,,,,,,,,,,,,,,,,,,,,,,,,,,,,
# of HCP working in Account,of_HCP_working_in_Account__c,7,,,,,,,,YES,YES,YES,YES,,,,,,YES,,YES,YES,,,,,,,,,,,,,,,,,,,,,,,,,,,,,,,,,
# of HCP_last updated,Last_Updated_of_HCP__c,7,,,,,,,,YES,YES,YES,YES,,,,,,YES,,YES,YES,,,,,,,,,,,,,,,,,,,,,,,,,,,,,,,,,
# of In-Store Clinics,Number_of_In_Store_Clinics__c,3,,,,,,,,,,,,YES,YES,YES,,,,,,,,,,,,,,,,,,,,,,,,,,,,,,,,,,,,,,,
# of active members,of_active_members_lfs__c,2,,,,,,,,,,,,YES,YES,,,,,,,,,,,,,,,,,,,,,,,,,,,,,,,,,,,,,,,,
#1 Competitor,X1_Competitor_lfs__c,2,,,,,,,,,,,,YES,YES,,,,,,,,,,,,,,,,,,,,,,,,,,,,,,,,,,,,,,,,
% Unbranded Scripts,Unbranded_Scripts_lfs__c,2,,,,,,,,,,,,YES,YES,,,,,,,,,,,,,,,,,,,,,,,,,,,,,,,,,,,,,,,,
% of CGM Diabetes Patients using Dexcom,of_CGM_Diabetes_Patients_using_Dexcom__c,1,,,,,,,,,,,,,,,,,,YES,,,,,,,,,,,,,,,,,,,,,,,,,,,,,,,,,,,
% of Cash,Percent_of_Cash__c,3,,,,,,,,,,,,YES,YES,YES,,,,,,,,,,,,,,,,,,,,,,,,,,,,,,,,,,,,,,,
% of Commercial,Percent_of_Commercial__c,3,,,,,,,,,,,,YES,YES,YES,,,,,,,,,,,,,,,,,,,,,,,,,,,,,,,,,,,,,,,
% of Medicare,Percent_of_Medicare__c,3,,,,,,,,,,,,YES,YES,YES,,,,,,,,,,,,,,,,,,,,,,,,,,,,,,,,,,,,,,,
% of Total Future Potential,of_Total_Future_Potential__c,0,,,,,,,,,,,,,,,,,,,,,,,,,,,,,,,,,,,,,,,,,,,,,,,,,,,,,
% of pump patients that are type 1,of_pump_patients_that_are_type_1_ANMS__c,1,,,,,,,,,,,,,,,,,,YES,,,,,,,,,,,,,,,,,,,,,,,,,,,,,,,,,,,
% of pumps with Animas,of_pumps_with_Animas__c,3,,,YES,,,,,,,,,,,,,,,YES,,,,,YES,,,,,,,,,,,,,,,,,,,,,,,,,,,,,,
% of pumps with Insulet,of_pumps_with_Insulet__c,3,,,YES,,,,,,,,,,,,,,,YES,,,,,YES,,,,,,,,,,,,,,,,,,,,,,,,,,,,,,
% of pumps with Medtronic,of_pumps_with_Medtronic__c,3,,,YES,,,,,,,,,,,,,,,YES,,,,,YES,,,,,,,,,,,,,,,,,,,,,,,,,,,,,,
% of pumps with Other,of_pumps_with_Other__c,3,,,YES,,,,,,,,,,,,,,,YES,,,,,YES,,,,,,,,,,,,,,,,,,,,,,,,,,,,,,
% of pumps with Tandem,of_pumps_with_Tandem__c,3,,,YES,,,,,,,,,,,,,,,YES,,,,,YES,,,,,,,,,,,,,,,,,,,,,,,,,,,,,,
% of total pumps new to pumping,of_total_pumps_new_to_pumping_ANMS__c,1,,,,,,,,,,,,,,,,,,YES,,,,,,,,,,,,,,,,,,,,,,,,,,,,,,,,,,,
% of total pumps that are Pediatric,of_total_pumps_that_are_Pediatric_ANMS__c,1,,,,,,,,,,,,,,,,,,YES,,,,,,,,,,,,,,,,,,,,,,,,,,,,,,,,,,,
3rd Party Shelf Company,X3rd_Party_Shelf_Company__c,2,,,,,,,,,,,,YES,YES,,,,,,,,,,,,,,,,,,,,,,,,,,,,,,,,,,,,,,,,
A2A%,A2A__c,4,,,,,,,,YES,YES,YES,YES,,,,,,,,,,,,,,,,,,,,,,,,,,,,,,,,,,,,,,,,,,
ABCD Grid (Account),ABCD_Grid__c,11,,,YES,,,,,YES,YES,YES,YES,,,,,,YES,YES,YES,YES,YES,,YES,,,,,,,,,,,,,,,,,,,,,,,,,,,,,,
ACS Created Date,ACSCreatedDate__c,0,,,,,,,,,,,,,,,,,,,,,,,,,,,,,,,,,,,,,,,,,,,,,,,,,,,,,
ACS Last Email Opened Date,ACSLastEmailOpenedDate__c,3,,,,,,,,,,,,,,,,,,,,,,,,,,,,,,,,,,,,,,,,,,,YES,,,,,,YES,,,YES,
ACS Modified Date,ACSModifiedDate__c,0,,,,,,,,,,,,,,,,,,,,,,,,,,,,,,,,,,,,,,,,,,,,,,,,,,,,,
ASP Price,ASP_Price__c,0,,,,,,,,,,,,,,,,,,,,,,,,,,,,,,,,,,,,,,,,,,,,,,,,,,,,,
Accepted Country,Accepted_Country__c,0,,,,,,,,,,,,,,,,,,,,,,,,,,,,,,,,,,,,,,,,,,,,,,,,,,,,,
Account # of Primary Distributor,AccountofPrimarydistributor__c,3,,,,,,,,,,,,YES,YES,YES,,,,,,,,,,,,,,,,,,,,,,,,,,,,,,,,,,,,,,,
Account # of Secondary Distributor,AccountofSecondaryDistributor__c,3,,,,,,,,,,,,YES,YES,YES,,,,,,,,,,,,,,,,,,,,,,,,,,,,,,,,,,,,,,,
Account Category,Account_Category__c,10,,,YES,,,,,YES,YES,YES,YES,,,,,,YES,,YES,YES,YES,,YES,,,,,,,,,,,,,,,,,,,,,,,,,,,,,,
Account Creation Status,Account_Creation_Status__c,0,,,,,,,,,,,,,,,,,,,,,,,,,,,,,,,,,,,,,,,,,,,,,,,,,,,,,
Account Id 15,Account_Id_15__c,0,,,,,,,,,,,,,,,,,,,,,,,,,,,,,,,,,,,,,,,,,,,,,,,,,,,,,
Account Legacy Record Id,Legacy_Record_Id__c,23,,,YES,YES,YES,,,YES,YES,YES,YES,,,,,,YES,,YES,YES,YES,,YES,,,,YES,,,,,,,,,,,YES,,YES,YES,YES,,YES,YES,YES,YES,,,YES,YES,,
Account MCP,Account_MCP__c,2,,,,,,,,,,,,,YES,YES,,,,,,,,,,,,,,,,,,,,,,,,,,,,,,,,,,,,,,,
Account Manager,Account_Manager__c,0,,,,,,,,,,,,,,,,,,,,,,,,,,,,,,,,,,,,,,,,,,,,,,,,,,,,,
Account Opportunities,Account_Opportunites_LFS__c,3,,,,,,,,,,,,YES,,,YES,YES,,,,,,,,,,,,,,,,,,,,,,,,,,,,,,,,,,,,,
Account Owner Changed Status,Account_Owner_Changed_Status__c,0,,,,,,,,,,,,,,,,,,,,,,,,,,,,,,,,,,,,,,,,,,,,,,,,,,,,,
Account Status,Status__c,12,,,YES,YES,YES,,,YES,YES,YES,YES,,,,,,YES,YES,YES,YES,,,YES,,,,,,,,,,,,,,,,,,,,,,,,,,,,,,
Account Sub Type,Account_Sub_Type__c,12,,,YES,YES,YES,,,YES,YES,YES,YES,,,,,,YES,,YES,YES,YES,,YES,,,,,,,,,,,,,,,,,,,,,,,,,,,,,,
Account SubType,Subtype_del__c,4,,,,,,,,,,,,YES,YES,YES,,,,YES,,,,,,,,,,,,,,,,,,,,,,,,,,,,,,,,,,,
Account Type,Account_Type__c,12,,,YES,YES,YES,,,YES,YES,YES,YES,,,,,,YES,,YES,YES,YES,,YES,,,,,,,,,,,,,,,,,,,,,,,,,,,,,,
AccountNumber,AccountNumber,15,YES,,YES,,,,,YES,YES,YES,YES,YES,YES,YES,YES,,YES,,YES,YES,,YES,YES,,,,,,,,,,,,,,,,,,,,,,,,,,,,,,
AccountSource,AccountSource,2,,,,YES,YES,,,,,,,,,,,,,,,,,,,,,,,,,,,,,,,,,,,,,,,,,,,,,,,,
Active,Active__c,0,,,,,,,,,,,,,,,,,,,,,,,,,,,,,,,,,,,,,,,,,,,,,,,,,,,,,
Active use of software for patient mgmt?,Active_use_of_software_patient_mgmt_ANMS__c,1,,,,,,,,,,,,,,,,,,YES,,,,,,,,,,,,,,,,,,,,,,,,,,,,,,,,,,,
Actual Call Coverage / Cycle (Account),Actual_Call_Coverage_Cycle__c,15,YES,YES,YES,,,YES,YES,YES,YES,YES,YES,,,,,,YES,YES,YES,YES,YES,,YES,,,,,,,,,,,,,,,,,,,,,,,,,,,,,,
Actual Pump Placement,Actual_Pump_Placement__c,4,,,,,,,,YES,YES,YES,YES,,,,,,,,,,,,,,,,,,,,,,,,,,,,,,,,,,,,,,,,,,
Ad Languages,Ad_Languages_ANMS__c,0,,,,,,,,,,,,,,,,,,,,,,,,,,,,,,,,,,,,,,,,,,,,,,,,,,,,,
Add Legacy Record Id,Add_Legacy_Record_Id__c,0,,,,,,,,,,,,,,,,,,,,,,,,,,,,,,,,,,,,,,,,,,,,,,,,,,,,,
Additional Comments,Additional_Comments_lfs__c,2,,,,,,,,,,,,YES,YES,,,,,,,,,,,,,,,,,,,,,,,,,,,,,,,,,,,,,,,,
Additional Control Details,Additional_Control_Details_LFS__c,2,,,,,,,,,,,,YES,,,,YES,,,,,,,,,,,,,,,,,,,,,,,,,,,,,,,,,,,,,
Additional projects,Additional_project__c,4,,,,,,,,YES,YES,,,,,,,,YES,,YES,,,,,,,,,,,,,,,,,,,,,,,,,,,,,,,,,,
Address,Address__c,0,,,,,,,,,,,,,,,,,,,,,,,,,,,,,,,,,,,,,,,,,,,,,,,,,,,,,
Address OK,Address_OK__c,11,,,,,,,,,,,,,,,,,,,,,,,,,,,,,,,,,,,,,,YES,,YES,YES,YES,,YES,YES,YES,YES,YES,,YES,YES,,
Adherence Company,Adherence_Company__c,2,,,,,,,,,,,,YES,YES,,,,,,,,,,,,,,,,,,,,,,,,,,,,,,,,,,,,,,,,
Age,Age__c,3,,,,,,,,,,,,,,,,,,,,,,,,,,,,,,,,,,,,,,,,,,,YES,,,,,,YES,,,YES,
Agreement End Date,Agreement_End_Date__c,5,,,,,,,,YES,YES,,,,,,,,YES,,YES,,YES,,,,,,,,,,,,,,,,,,,,,,,,,,,,,,,,
Alternate Phone,Alternate_Phone__c,18,,,YES,YES,YES,,,YES,YES,YES,YES,YES,YES,YES,YES,YES,YES,YES,YES,YES,YES,,YES,,,,,,,,,,,,,,,,,,,,,,,,,,,,,,
Amount Overdue,Amount_Overdue__c,0,,,,,,,,,,,,,,,,,,,,,,,,,,,,,,,,,,,,,,,,,,,,,,,,,,,,,
Animas ABCD (Account),Animas_ABCD__c,11,YES,YES,,YES,YES,YES,YES,YES,YES,YES,YES,,,,,,,,,YES,,,,,,,,,,,,,,,,,,,,,,,,,,,,,,,,,
Animas Call Status (Account),Animas_Call_Status_Account__c,4,,,,,,,,YES,YES,YES,YES,,,,,,,,,,,,,,,,,,,,,,,,,,,,,,,,,,,,,,,,,,
Animas Decile (Account),Animas_Decile__c,0,,,,,,,,,,,,,,,,,,,,,,,,,,,,,,,,,,,,,,,,,,,,,,,,,,,,,
Animas Installed Base,Animas_Installed_Base__c,11,YES,YES,,YES,YES,YES,YES,YES,YES,YES,YES,,,,,,,,,YES,,,,,,,,,,,,,,,,,,,,,,,,,,,,,,,,,
Animas Market Share %,Animas_Market_Share__c,4,,,,,,,,YES,YES,YES,YES,,,,,,,,,,,,,,,,,,,,,,,,,,,,,,,,,,,,,,,,,,
Animas Phone (Account),Animas_Phone__c,11,YES,YES,,YES,YES,YES,YES,YES,YES,YES,YES,,,,,,,,,YES,,,,,,,,,,,,,,,,,,,,,,,,,,,,,,,,,
Animas Prescription Account %,Animas_Prescription_Account__c,4,,,,,,,,YES,YES,YES,YES,,,,,,,,,,,,,,,,,,,,,,,,,,,,,,,,,,,,,,,,,,
Animas Primary Distribution Center (Acc),Animas_Primary_Distribution_Center__c,1,,,,,,,,,,,,,,,,,YES,,,,,,,,,,,,,,,,,,,,,,,,,,,,,,,,,,,,
Animas Primary Wholesalers (Account),Animas_Primary_Wholesalers__c,11,YES,YES,,YES,YES,YES,YES,YES,YES,YES,YES,,,,,,,,,YES,,,,,,,,,,,,,,,,,,,,,,,,,,,,,,,,,
Annual Cartridge Volume,Annual_Cartridge_Volume__c,1,,,,,,,,,,,,,,,YES,,,,,,,,,,,,,,,,,,,,,,,,,,,,,,,,,,,,,,
Annual DC Sales,Annual_DC_Sales__c,0,,,,,,,,,,,,,,,,,,,,,,,,,,,,,,,,,,,,,,,,,,,,,,,,,,,,,
Annual Infusion Set Units,Annual_Infusion_Set_Units__c,2,,,,,,,,,,,,YES,,,YES,,,,,,,,,,,,,,,,,,,,,,,,,,,,,,,,,,,,,,
Annual Pump Dollars,Annual_Pump_Dollars__c,1,,,,,,,,,,,,,,,YES,,,,,,,,,,,,,,,,,,,,,,,,,,,,,,,,,,,,,,
Annual Unit Volume (Pumps),Annual_Unit_Volume_Pumps__c,1,,,,,,,,,,,,,,,YES,,,,,,,,,,,,,,,,,,,,,,,,,,,,,,,,,,,,,,
AnnualRevenue,AnnualRevenue,4,YES,YES,,,,YES,YES,,,,,,,,,,,,,,,,,,,,,,,,,,,,,,,,,,,,,,,,,,,,,,
Approval For,Approval_For__c,0,,,,,,,,,,,,,,,,,,,,,,,,,,,,,,,,,,,,,,,,,,,,,,,,,,,,,
Avg Store Wks of Supply,Avg_Store_Wks_of_Supply__c,3,,,,,,,,,,,,YES,YES,YES,,,,,,,,,,,,,,,,,,,,,,,,,,,,,,,,,,,,,,,
BRC Promo Code,BRCPromoCode__c,3,,,,,,,,,,,,,,,,,,,,,,,,,,,,,,,,,,,,,,,,,,,YES,,,,,,YES,,,YES,
Base Shipment,BaseShipment__c,0,,,,,,,,,,,,,,,,,,,,,,,,,,,,,,,,,,,,,,,,,,,,,,,,,,,,,
Behavior Based Segment,Behavior_Based_Segment_ANMS__c,0,,,,,,,,,,,,,,,,,,,,,,,,,,,,,,,,,,,,,,,,,,,,,,,,,,,,,
BillingAddress,BillingAddress,4,YES,YES,,,,YES,YES,,,,,,,,,,,,,,,,,,,,,,,,,,,,,,,,,,,,,,,,,,,,,,
BillingAddressComments,BillingAddressComments__c,0,,,,,,,,,,,,,,,,,,,,,,,,,,,,,,,,,,,,,,,,,,,,,,,,,,,,,
Bonus Question Alert,Bonus_Question_Alert__c,20,YES,YES,,YES,YES,YES,YES,,,YES,YES,,,,,,,,,YES,,,,,,,,,,,,,,,,,,YES,,YES,YES,YES,,YES,YES,YES,YES,YES,,YES,YES,,
Bonus Question Flag,Bonus_Question_Flag__c,20,YES,YES,,YES,YES,YES,YES,,,YES,YES,,,,,,,,,YES,,,,,,,,,,,,,,,,,,YES,,YES,YES,YES,,YES,YES,YES,YES,YES,,YES,YES,,
Books of Business,Books_of_Business__c,0,,,,,,,,,,,,,,,,,,,,,,,,,,,,,,,,,,,,,,,,,,,,,,,,,,,,,
Box Strip Type,Box_Strip_Type__c,20,YES,YES,,YES,YES,YES,YES,,,YES,YES,,,,,,,,,YES,,,,,,,,,,,,,,,,,,YES,,YES,YES,YES,,YES,YES,YES,YES,YES,,YES,YES,,
Branch Plant,Branch_Plant__c,0,,,,,,,,,,,,,,,,,,,,,,,,,,,,,,,,,,,,,,,,,,,,,,,,,,,,,
Brick,Brick__c,17,YES,YES,YES,YES,YES,YES,YES,YES,YES,YES,YES,,,,,,YES,YES,YES,YES,YES,,YES,,,,,,,,,,,,,,,,,,,,,,,,,,,,,,
Brick Code,Brick_Code__c,8,,,,YES,YES,,,YES,YES,,,,,,,,YES,YES,YES,,YES,,,,,,,,,,,,,,,,,,,,,,,,,,,,,,,,
Brick Description,Brick_Description__c,13,,,YES,YES,YES,,,YES,YES,YES,YES,,,,,,YES,YES,YES,YES,YES,,YES,,,,,,,,,,,,,,,,,,,,,,,,,,,,,,
Brick Type,Brick_type__c,17,YES,YES,YES,YES,YES,YES,YES,YES,YES,YES,YES,,,,,,YES,YES,YES,YES,YES,,YES,,,,,,,,,,,,,,,,,,,,,,,,,,,,,,
Building Label,Building_Label__c,10,,,YES,,,,,YES,YES,YES,YES,,,,,,YES,YES,YES,YES,,,YES,,,,,,,,,,,,,,,,,,,,,,,,,,,,,,
Buying Group,Buying_Group__c,10,,,YES,,,,,YES,YES,YES,YES,,,,,,YES,,YES,YES,YES,,YES,,,,,,,,,,,,,,,,,,,,,,,,,,,,,,
CAP,CAP__c,1,,,,,,,,,,,YES,,,,,,,,,,,,,,,,,,,,,,,,,,,,,,,,,,,,,,,,,,
CM Id,CM_ID_ANMS__c,0,,,,,,,,,,,,,,,,,,,,,,,,,,,,,,,,,,,,,,,,,,,,,,,,,,,,,
CNPJ #,CNPJ__c,6,,,,,,,,,,,,,,,,,,,,,,,,,,,,,,,,,,,,,,,,,,,,,YES,YES,YES,YES,,YES,YES,,
COT,COT_LFS__c,3,,,,,,,,,,,,YES,YES,YES,,,,,,,,,,,,,,,,,,,,,,,,,,,,,,,,,,,,,,,
Call Frequency / Cycle (Account),Call_Frequency_Cycle__c,11,,,YES,,,,,YES,YES,YES,YES,,,,,,YES,YES,YES,YES,YES,,YES,,,,,,,,,,,,,,,,,,,,,,,,,,,,,,
Call Frequency set by RBM (Account),Call_Frequency_set_by_RBM__c,4,,,,,,,,YES,YES,,,,,,,,YES,,YES,,,,,,,,,,,,,,,,,,,,,,,,,,,,,,,,,,
Call Score Pct,Call_Score_Pct__c,0,,,,,,,,,,,,,,,,,,,,,,,,,,,,,,,,,,,,,,,,,,,,,,,,,,,,,
Call Status (Account),Call_Status__c,12,,,YES,,,,,YES,YES,YES,YES,,,,YES,YES,YES,,YES,YES,YES,,YES,,,,,,,,,,,,,,,,,,,,,,,,,,,,,,
Calls Restricted?,Calls_Restricted__c,0,,,,,,,,,,,,,,,,,,,,,,,,,,,,,,,,,,,,,,,,,,,,,,,,,,,,,
Campaign Code,OOCampaignCode__c,0,,,,,,,,,,,,,,,,,,,,,,,,,,,,,,,,,,,,,,,,,,,,,,,,,,,,,
Campaign Name,OOCampaignName__c,0,,,,,,,,,,,,,,,,,,,,,,,,,,,,,,,,,,,,,,,,,,,,,,,,,,,,,
Captain/Category Dominance,Captain_Category_Dominance_lfs__c,2,,,,,,,,,,,,YES,YES,,,,,,,,,,,,,,,,,,,,,,,,,,,,,,,,,,,,,,,,
Category Captain,Category_Captain__c,3,,,,,,,,,,,,YES,YES,YES,,,,,,,,,,,,,,,,,,,,,,,,,,,,,,,,,,,,,,,
Category Volume EQ Strips,Category_Volume_EQ_Strips__c,4,,,,,,,,,,,,YES,YES,YES,,YES,,,,,,,,,,,,,,,,,,,,,,,,,,,,,,,,,,,,,
Catman Project,Catman_Project__c,7,,,YES,,,,,YES,YES,,,,,,,,YES,YES,YES,,,,YES,,,,,,,,,,,,,,,,,,,,,,,,,,,,,,
Cegedim # (Account),Cegedim_number__c,12,,,YES,,,,,YES,YES,YES,YES,,,,,,YES,YES,YES,YES,YES,,YES,,,,YES,,,,,,,,,,,,,,,,,,,,,,,,,,
Cegedim Account Country Code,Cegedim_Country_Code__c,15,YES,YES,YES,,,YES,YES,YES,YES,YES,YES,,,,,,YES,YES,YES,YES,YES,,YES,,,,,,,,,,,,,,,,,,,,,,,,,,,,,,
Cegedim Account Source Duplicate,Cegedim_Account_Source_Duplicate__c,5,,,,,,,,YES,YES,YES,YES,,,,,,,,,YES,,,,,,,,,,,,,,,,,,,,,,,,,,,,,,,,,
Cegedim Account SubCountry Code,Cegedim_SubCountry_Code__c,0,,,,,,,,,,,,,,,,,,,,,,,,,,,,,,,,,,,,,,,,,,,,,,,,,,,,,
Cegedim Duplicate # (Account),Cegedim_Number_Dup__c,5,,,,,,,,YES,YES,YES,YES,,,,,,,,,YES,,,,,,,,,,,,,,,,,,,,,,,,,,,,,,,,,
Cegedim Interface Error Message,Cegedim_Interface_Error_Message__c,8,,,,,,,,YES,YES,YES,YES,,,,,,YES,YES,YES,YES,,,,,,,,,,,,,,,,,,,,,,,,,,,,,,,,,
Cegedim Interface Sent Flag (Account),CEGEDIM_Interface_Sent_Flag__c,15,YES,YES,YES,,,YES,YES,YES,YES,YES,YES,,,,,,YES,YES,YES,YES,YES,,YES,,,,,,,,,,,,,,,,,,,,,,,,,,,,,,
Cegedim Src File Code (Account),Cegedim_Src_File_Code__c,16,YES,YES,YES,,,YES,YES,YES,YES,YES,YES,,,,,,YES,YES,YES,YES,YES,,YES,,,,YES,,,,,,,,,,,,,,,,,,,,,,,,,,
Cegedim Val.Request Date (Account),Cegedim_Val_Request_Date_Account__c,8,,,,,,,,YES,YES,YES,YES,,,,,,YES,YES,YES,YES,,,,,,,,,,,,,,,,,,,,,,,,,,,,,,,,,
Cegedim_Fix,Cegedim_Fix__c,0,,,,,,,,,,,,,,,,,,,,,,,,,,,,,,,,,,,,,,,,,,,,,,,,,,,,,
Cell Phone Type,CellPhoneType__c,0,,,,,,,,,,,,,,,,,,,,,,,,,,,,,,,,,,,,,,,,,,,,,,,,,,,,,
Certified Diabetes Educator Influence,Certified_Diabetes_Educator_Influence__c,3,,,YES,,,,,,,,,,,,,,,YES,,,,,YES,,,,,,,,,,,,,,,,,,,,,,,,,,,,,,
Chain Category,Chain_Category__c,7,,,YES,,,,,YES,YES,,,,,,,,YES,YES,YES,,,,YES,,,,,,,,,,,,,,,,,,,,,,,,,,,,,,
Channel POA,Channel_POA_LFS__c,1,,,,,,,,,,,,YES,,,,,,,,,,,,,,,,,,,,,,,,,,,,,,,,,,,,,,,,,
City,City__c,0,,,,,,,,,,,,,,,,,,,,,,,,,,,,,,,,,,,,,,,,,,,,,,,,,,,,,
Clinics Staffed By,Clinics_Staffed_By__c,3,,,,,,,,,,,,YES,YES,YES,,,,,,,,,,,,,,,,,,,,,,,,,,,,,,,,,,,,,,,
Co-Op Expense %,Co_Op_Expense__c,14,YES,YES,,YES,YES,YES,YES,YES,YES,YES,YES,,,,,,YES,,YES,YES,YES,,,,,,,,,,,,,,,,,,,,,,,,,,,,,,,,
Collaboration,Collaboration__c,1,,,,,,,,,,,,,,,,YES,,,,,,,,,,,,,,,,,,,,,,,,,,,,,,,,,,,,,
Comments,Comments_ESF_lfs__c,3,,,,,,,,,,,,YES,YES,,,,,,,,,,,,,,,,,,,,,,,,,,,,,,,,,,,,YES,,,,
Competitor Eq Strip Share %,Competitor_Eq_Strip_Share_lfs__c,2,,,,,,,,,,,,YES,YES,,,,,,,,,,,,,,,,,,,,,,,,,,,,,,,,,,,,,,,,
Competitor Meter Share %,Competitor_Meter_Share_lfs__c,2,,,,,,,,,,,,YES,YES,,,,,,,,,,,,,,,,,,,,,,,,,,,,,,,,,,,,,,,,
Consumption YTD,Direct_Consumption_YTD_lfs__c,2,,,,,,,,,,,,YES,YES,,,,,,,,,,,,,,,,,,,,,,,,,,,,,,,,,,,,,,,,
Contact Number(s),Contact_Number_s__c,0,,,,,,,,,,,,,,,,,,,,,,,,,,,,,,,,,,,,,,,,,,,,,,,,,,,,,
Content,OOContent__c,0,,,,,,,,,,,,,,,,,,,,,,,,,,,,,,,,,,,,,,,,,,,,,,,,,,,,,
Contract Activity,Contract_Activity__c,1,,,,,,,,,,,,,,,YES,,,,,,,,,,,,,,,,,,,,,,,,,,,,,,,,,,,,,,
Contract Description,Contract_Description__c,1,,,,,,,,,,,,,,,YES,,,,,,,,,,,,,,,,,,,,,,,,,,,,,,,,,,,,,,
Contract End Date,Contract_End_Date__c,0,,,,,,,,,,,,,,,,,,,,,,,,,,,,,,,,,,,,,,,,,,,,,,,,,,,,,
Contract EndDate,Contract_EndDate__c,1,,,,,,,,,,,,,,,YES,,,,,,,,,,,,,,,,,,,,,,,,,,,,,,,,,,,,,,
Contract Expiration Date,Contract_Expiration_Date__c,2,,,,,,,,,,,,YES,,,,YES,,,,,,,,,,,,,,,,,,,,,,,,,,,,,,,,,,,,,
Contract Number,Contract_Number__c,10,,,YES,,,,,YES,YES,YES,YES,,,,,,YES,,YES,YES,YES,,YES,,,,,,,,,,,,,,,,,,,,,,,,,,,,,,
Contract Start Date,Contract_Start_Date__c,1,,,,,,,,,,,,,,,YES,,,,,,,,,,,,,,,,,,,,,,,,,,,,,,,,,,,,,,
Contract Status,Contract_Status_picklist_LFS__c,0,,,,,,,,,,,,,,,,,,,,,,,,,,,,,,,,,,,,,,,,,,,,,,,,,,,,,
Contract Type,Contract_Type__c,1,,,,,,,,,,,,,,,YES,,,,,,,,,,,,,,,,,,,,,,,,,,,,,,,,,,,,,,
Counter Location,Counter_Location_lfs__c,2,,,,,,,,,,,,YES,YES,,,,,,,,,,,,,,,,,,,,,,,,,,,,,,,,,,,,,,,,
Counter Mats,Counter_Mats__c,2,,,,,,,,,,,,YES,YES,,,,,,,,,,,,,,,,,,,,,,,,,,,,,,,,,,,,,,,,
Country,Country__c,1,,,,,,,,,,,,,,,,,,,,,,YES,,,,,,,,,,,,,,,,,,,,,,,,,,,,,,,
Country Flag,Country_Flag__c,13,,,,,,,,,,,,,,,,,,,,,,,,,,,,,,,,,,,,,,YES,YES,YES,YES,,YES,,YES,YES,YES,YES,YES,YES,YES,YES,
Country NTS (Previous Year),Country_NTS__c,14,YES,YES,,YES,YES,YES,YES,YES,YES,YES,YES,,,,,,YES,,YES,YES,YES,,,,,,,,,,,,,,,,,,,,,,,,,,,,,,,,
Country NTS / # Patients,Country_NTS_Patients__c,14,YES,YES,,YES,YES,YES,YES,YES,YES,YES,YES,,,,,,YES,,YES,YES,YES,,,,,,,,,,,,,,,,,,,,,,,,,,,,,,,,
Coverage Update,Coverage_Update_LFS__c,2,,,,,,,,,,,,YES,YES,,,,,,,,,,,,,,,,,,,,,,,,,,,,,,,,,,,,,,,,
Credit Limit,Credit_Limit__c,0,,,,,,,,,,,,,,,,,,,,,,,,,,,,,,,,,,,,,,,,,,,,,,,,,,,,,
Credit Open Amount,Credit_Open_Amount__c,0,,,,,,,,,,,,,,,,,,,,,,,,,,,,,,,,,,,,,,,,,,,,,,,,,,,,,
CurrencyIsoCode,CurrencyIsoCode,10,YES,YES,,YES,YES,YES,YES,,,,,,,,,,YES,,,,YES,YES,,,,,,,,,,,,,,,YES,,,,,,,,,,,,,,,,
Current Contract Status,Current_Contract_Status__c,1,,,,,,,,,,,,,,,YES,,,,,,,,,,,,,,,,,,,,,,,,,,,,,,,,,,,,,,
Current Contract Type,Current_Contract_Type_LFS__c,2,,,,,,,,,,,,YES,,,,YES,,,,,,,,,,,,,,,,,,,,,,,,,,,,,,,,,,,,,
Current LFS Position,Current_LFS_Position_LFS__c,2,,,,,,,,,,,,YES,,,,YES,,,,,,,,,,,,,,,,,,,,,,,,,,,,,,,,,,,,,
Current LFS Rebate % Offered,Current_LFS_Rebate_Offered_LFS__c,2,,,,,,,,,,,,YES,,,,YES,,,,,,,,,,,,,,,,,,,,,,,,,,,,,,,,,,,,,
Current Level of Control,Current_Level_of_Control_LFS__c,2,,,,,,,,,,,,YES,,,,YES,,,,,,,,,,,,,,,,,,,,,,,,,,,,,,,,,,,,,
Current Month A2A Projection Date,Current_Month_A2A_Projection_Date__c,1,,,,,,,,,,,,,,,,,,YES,,,,,,,,,,,,,,,,,,,,,,,,,,,,,,,,,,,
Current Month A2A Pump Projection,Current_Month_A2A_Pump_Projection__c,1,,,,,,,,,,,,,,,,,,YES,,,,,,,,,,,,,,,,,,,,,,,,,,,,,,,,,,,
Current Month N2A Projection Date,Current_Month_N2A_Projection_Date__c,1,,,,,,,,,,,,,,,,,,YES,,,,,,,,,,,,,,,,,,,,,,,,,,,,,,,,,,,
Current Month N2A Pump Projection,Current_Month_N2A_Pump_Projection__c,1,,,,,,,,,,,,,,,,,,YES,,,,,,,,,,,,,,,,,,,,,,,,,,,,,,,,,,,
Current Net Price Offered/Ultra 50ct $,Current_Net_Price_Offered_Ultra_50ct_LFS__c,2,,,,,,,,,,,,YES,,,,YES,,,,,,,,,,,,,,,,,,,,,,,,,,,,,,,,,,,,,
Current Net Price Offered/Verio 50ct $,Current_Net_Price_Offered_Verio_50ct_LFS__c,2,,,,,,,,,,,,YES,,,,YES,,,,,,,,,,,,,,,,,,,,,,,,,,,,,,,,,,,,,
Current Plan Period End,Current_Plan_Period_End__c,7,,,,,,,,YES,YES,YES,YES,,,,,,YES,YES,YES,,,,,,,,,,,,,,,,,,,,,,,,,,,,,,,,,,
Current Plan Period Start,Current_Plan_Period_Start__c,7,,,,,,,,YES,YES,YES,YES,,,,,,YES,YES,YES,,,,,,,,,,,,,,,,,,,,,,,,,,,,,,,,,,
Current Quarter A2A Projection Date,Current_Quarter_A2A_Projection_Date__c,1,,,,,,,,,,,,,,,,,,YES,,,,,,,,,,,,,,,,,,,,,,,,,,,,,,,,,,,
Current Quarter A2A Pump Projection,Current_Quarter_A2A_Pump_Projection__c,1,,,,,,,,,,,,,,,,,,YES,,,,,,,,,,,,,,,,,,,,,,,,,,,,,,,,,,,
Current Quarter N2A Projection Date,Current_Quarter_N2A_Projection_Date__c,1,,,,,,,,,,,,,,,,,,YES,,,,,,,,,,,,,,,,,,,,,,,,,,,,,,,,,,,
Current Quarter N2A Pump Projection,Current_Quarter_N2A_Pump_Projection__c,1,,,,,,,,,,,,,,,,,,YES,,,,,,,,,,,,,,,,,,,,,,,,,,,,,,,,,,,
Current Software Version,Current_Software_Version__c,2,,,,,,,,,,,,YES,,,,,,YES,,,,,,,,,,,,,,,,,,,,,,,,,,,,,,,,,,,
Current Territory,Current_Territory__c,1,,,,,,,,,,,,,,,,YES,,,,,,,,,,,,,,,,,,,,,,,,,,,,,,,,,,,,,
Current Year Projection,Current_Year_Projection_LFS__c,2,,,,,,,,,,,,YES,YES,,,,,,,,,,,,,,,,,,,,,,,,,,,,,,,,,,,,,,,,
Current Year YTD,Current_Year_YTD_lfs__c,2,,,,,,,,,,,,YES,YES,,,,,,,,,,,,,,,,,,,,,,,,,,,,,,,,,,,,,,,,
Custom Temp Id,CustomTempId__c,0,,,,,,,,,,,,,,,,,,,,,,,,,,,,,,,,,,,,,,,,,,,,,,,,,,,,,
Customer / Country NTS,Customer_Country_NTS__c,14,YES,YES,,YES,YES,YES,YES,YES,YES,YES,YES,,,,,,YES,,YES,YES,YES,,,,,,,,,,,,,,,,,,,,,,,,,,,,,,,,
Customer Classification,Customer_Classification__c,14,YES,YES,,YES,YES,YES,YES,YES,YES,YES,YES,,,,,,YES,,YES,YES,YES,,,,,,,,,,,,,,,,,,,,,,,,,,,,,,,,
Customer Data Types,Customer_Data_Types_lfs__c,2,,,,,,,,,,,,YES,YES,,,,,,,,,,,,,,,,,,,,,,,,,,,,,,,,,,,,,,,,
Customer Location,Customer_Location__c,15,YES,YES,YES,,,YES,YES,YES,YES,YES,YES,,,,,,YES,YES,YES,YES,YES,,YES,,,,,,,,,,,,,,,,,,,,,,,,,,,,,,
Customer NTS (Previous Year),Annual_NTS_Previous__c,14,YES,YES,,YES,YES,YES,YES,YES,YES,YES,YES,,,,,,YES,,YES,YES,YES,,,,,,,,,,,,,,,,,,,,,,,,,,,,,,,,
Customer Segment,Customer_Segment__c,0,,,,,,,,,,,,,,,,,,,,,,,,,,,,,,,,,,,,,,,,,,,,,,,,,,,,,
Customer Segment Factor,Customer_Segment_Factor__c,0,,,,,,,,,,,,,,,,,,,,,,,,,,,,,,,,,,,,,,,,,,,,,,,,,,,,,
Customer Type,Customer_Type__c,1,,,,,,,,,,,,,,,,,,,,YES,,,,,,,,,,,,,,,,,,,,,,,,,,,,,,,,,
DBA,DBA_lfs__c,0,,,,,,,,,,,,,,,,,,,,,,,,,,,,,,,,,,,,,,,,,,,,,,,,,,,,,
DC Weeks of Supply,DC_Weeks_of_Supply__c,3,,,,,,,,,,,,YES,YES,YES,,,,,,,,,,,,,,,,,,,,,,,,,,,,,,,,,,,,,,,
DCT Mailers,DCT_Mailers__c,2,,,,,,,,,,,,YES,YES,,,,,,,,,,,,,,,,,,,,,,,,,,,,,,,,,,,,,,,,
DEA,DEA_LFS__c,3,,,,,,,,,,,,YES,YES,YES,,,,,,,,,,,,,,,,,,,,,,,,,,,,,,,,,,,,,,,
DFU - facing,DFU_facing__c,4,,,,,,,,YES,YES,,,,,,,,YES,,YES,,,,,,,,,,,,,,,,,,,,,,,,,,,,,,,,,,
DFU - first recommendation,DFU_first_recommendation__c,4,,,,,,,,YES,YES,,,,,,,,YES,,YES,,,,,,,,,,,,,,,,,,,,,,,,,,,,,,,,,,
Data Frequency,Data_Frequency_lfs__c,2,,,,,,,,,,,,YES,YES,,,,,,,,,,,,,,,,,,,,,,,,,,,,,,,,,,,,,,,,
Data Received From Cegedim,Data_Received_From_Cegedim__c,0,,,,,,,,,,,,,,,,,,,,,,,,,,,,,,,,,,,,,,,,,,,,,,,,,,,,,
Date Of Last Delivery,Date_of_last_delivery__c,5,,,,,,,,YES,YES,,,,,,,,YES,,YES,,YES,,,,,,,,,,,,,,,,,,,,,,,,,,,,,,,,
Decile,Decile__c,0,,,,,,,,,,,,,,,,,,,,,,,,,,,,,,,,,,,,,,,,,,,,,,,,,,,,,
Decile (Cana),Decile_Cana_ANMS__c,0,,,,,,,,,,,,,,,,,,,,,,,,,,,,,,,,,,,,,,,,,,,,,,,,,,,,,
Decile (FAI),Decile_FAI_ANMS__c,0,,,,,,,,,,,,,,,,,,,,,,,,,,,,,,,,,,,,,,,,,,,,,,,,,,,,,
Default Country,Default_Country__c,0,,,,,,,,,,,,,,,,,,,,,,,,,,,,,,,,,,,,,,,,,,,,,,,,,,,,,
Description,Description,16,YES,YES,YES,YES,YES,YES,YES,YES,YES,YES,YES,,,,,,YES,,YES,YES,YES,,YES,,,,,,,,,,,,,,,,,,,,,,,,,,,,,,
Device Registered Date,DeviceRegisteredDate__c,0,,,,,,,,,,,,,,,,,,,,,,,,,,,,,,,,,,,,,,,,,,,,,,,,,,,,,
Diabetes Magazines,Diabetes_Magazines__c,2,,,,,,,,,,,,YES,YES,,,,,,,,,,,,,,,,,,,,,,,,,,,,,,,,,,,,,,,,
Diasend (Account),Diasend_Account__c,11,YES,YES,,YES,YES,YES,YES,YES,YES,YES,YES,,,,,,,,,YES,,,,,,,,,,,,,,,,,,,,,,,,,,,,,,,,,
Dinno Sante Market Share %,Dinno_Sante_Market_Share__c,4,,,,,,,,YES,YES,YES,YES,,,,,,,,,,,,,,,,,,,,,,,,,,,,,,,,,,,,,,,,,,
Direct % Chg. vs. Previous 2 Year,Direct_Chg_vs_Previous_2_Year_lfs__c,2,,,,,,,,,,,,YES,YES,,,,,,,,,,,,,,,,,,,,,,,,,,,,,,,,,,,,,,,,
Direct % Chg. vs. Previous Year,Direct_Chg_vs_Previous_Year_lfs__c,2,,,,,,,,,,,,YES,YES,,,,,,,,,,,,,,,,,,,,,,,,,,,,,,,,,,,,,,,,
Direct Current Year Quota,Direct_Current_Year_Quota_lfs__c,2,,,,,,,,,,,,YES,YES,,,,,,,,,,,,,,,,,,,,,,,,,,,,,,,,,,,,,,,,
Direct Previous 2 Year $ Volume,Direct_Previous_2_Year_Volume_lfs__c,2,,,,,,,,,,,,YES,YES,,,,,,,,,,,,,,,,,,,,,,,,,,,,,,,,,,,,,,,,
Direct Previous Year $ Volume,Direct_Previous_Year_Volume_lfs__c,2,,,,,,,,,,,,YES,YES,,,,,,,,,,,,,,,,,,,,,,,,,,,,,,,,,,,,,,,,
Distributor Market?,Distributor_Market__c,1,,,,,,,,,,,,,,,,,,,,,,YES,,,,,,,,,,,,,,,,,,,,,,,,,,,,,,,
District,District__c,0,,,,,,,,,,,,,,,,,,,,,,,,,,,,,,,,,,,,,,,,,,,,,,,,,,,,,
Do Not Sell,DoNotSell__c,2,,,,,,,,,,,,,YES,YES,,,,,,,,,,,,,,,,,,,,,,,,,,,,,,,,,,,,,,,
Doctor,Doctor__c,2,,,,,,,,,,,,,,,,,,,,,,,,,,,,,,,,,,,,,,,,,,,,,YES,YES,,,,,,,
Duplicate,Duplicate_ANMS__c,0,,,,,,,,,,,,,,,,,,,,,,,,,,,,,,,,,,,,,,,,,,,,,,,,,,,,,
ECP Number,ECP_Number__c,0,,,,,,,,,,,,,,,,,,,,,,,,,,,,,,,,,,,,,,,,,,,,,,,,,,,,,
Early Payment Discount %,Early_Payment_Discount__c,14,YES,YES,,YES,YES,YES,YES,YES,YES,YES,YES,,,,,,YES,,YES,YES,YES,,,,,,,,,,,,,,,,,,,,,,,,,,,,,,,,
Effective Date,Effective_Date__c,2,,,,,,,,,,,,,,,,,,,,,,,,,,,,YES,YES,,,,,,,,,,,,,,,,,,,,,,,,
Effective From,Current_Owner_Change_Request__c,0,,,,,,,,,,,,,,,,,,,,,,,,,,,,,,,,,,,,,,,,,,,,,,,,,,,,,
Email,Email_Address__c,18,,,YES,YES,YES,,,YES,YES,YES,YES,YES,YES,YES,YES,YES,YES,YES,YES,YES,YES,,YES,,,,,,,,,,,,,,,,,,,,,,,,,,,,,,
Employer Group Targeting,Employer_Group_Targeting_LFS__c,1,,,,,,,,,,,,YES,,,,,,,,,,,,,,,,,,,,,,,,,,,,,,,,,,,,,,,,,
Enforce PO Number,Enforce_PONum__c,0,,,,,,,,,,,,,,,,,,,,,,,,,,,,,,,,,,,,,,,,,,,,,,,,,,,,,
Estimated Competitive Pricing $,Estimated_Competitive_Pricing_LFS__c,2,,,,,,,,,,,,YES,,,,YES,,,,,,,,,,,,,,,,,,,,,,,,,,,,,,,,,,,,,
Estimated Competitive Rebate %,Estimated_Competitive_Rebate_LFS__c,2,,,,,,,,,,,,YES,,,,YES,,,,,,,,,,,,,,,,,,,,,,,,,,,,,,,,,,,,,
Estimated Current Age,AgeAsOfTOday__c,3,,,,,,,,,,,,,,,,,,,,,,,,,,,,,,,,,,,,,,,,,,,YES,,,,,,YES,,,YES,
Expire Date,ExpireDate__c,3,,,,,,,,,,,,,,,,,,,,,,,,,,,,,,,,,,,,,,,,,,,YES,,,,,,YES,,,YES,
External ID ANMS,External_ID_ANMS__c,0,,,,,,,,,,,,,,,,,,,,,,,,,,,,,,,,,,,,,,,,,,,,,,,,,,,,,
External Id,External_Id__c,17,,,,YES,YES,,,,,,,,,,,,YES,YES,YES,YES,,,,,,,,,,,,,,,,,,YES,,YES,YES,YES,,YES,YES,YES,YES,YES,,YES,YES,,
Fax,Fax,22,YES,YES,YES,YES,YES,YES,YES,YES,YES,YES,YES,YES,YES,YES,YES,YES,YES,YES,YES,YES,,,YES,,,,,,,,,,,,,,,,YES,,,,,,,,,,,,,,
First Animas Placement Date,Date_Of_First_Placement__c,0,,,,,,,,,,,,,,,,,,,,,,,,,,,,,,,,,,,,,,,,,,,,,,,,,,,,,
Fiscal Year End,Fiscal_Year_End_Month__c,3,,,,,,,,,,,,YES,YES,YES,,,,,,,,,,,,,,,,,,,,,,,,,,,,,,,,,,,,,,,
Fiscal Year Start,Fiscal_Year_Start_Month__c,3,,,,,,,,,,,,YES,YES,YES,,,,,,,,,,,,,,,,,,,,,,,,,,,,,,,,,,,,,,,
Fixed_Zip,Fixed_Zip__c,0,,,,,,,,,,,,,,,,,,,,,,,,,,,,,,,,,,,,,,,,,,,,,,,,,,,,,
For More Details Click Here,For_More_Details_Click_Here__c,0,,,,,,,,,,,,,,,,,,,,,,,,,,,,,,,,,,,,,,,,,,,,,,,,,,,,,
Full Legal Name,FullLegalName__c,2,,,,,,,,,,,,,YES,YES,,,,,,,,,,,,,,,,,,,,,,,,,,,,,,,,,,,,,,,
Full Shipping/Primary Address,Full_Shipping_Primary_Address__c,0,,,,,,,,,,,,,,,,,,,,,,,,,,,,,,,,,,,,,,,,,,,,,,,,,,,,,
Functional Rebate %,Functional_Rebate__c,14,YES,YES,,YES,YES,YES,YES,YES,YES,YES,YES,,,,,,YES,,YES,YES,YES,,,,,,,,,,,,,,,,,,,,,,,,,,,,,,,,
Future Potential,Total_Future_Potential__c,0,,,,,,,,,,,,,,,,,,,,,,,,,,,,,,,,,,,,,,,,,,,,,,,,,,,,,
Geocoding Status,Geocoding_status__c,1,,,,,,,,,,,,,,,,,,,,YES,,,,,,,,,,,,,,,,,,,,,,,,,,,,,,,,,
Gift Eligibility,GiftEligibility__c,2,,,,,,,,,,,,,,,,,,,,,,,,,,,,,,,,,,,,,,,,,,,YES,,,,,,YES,,,,
Gift Source Name,GiftSourceName__c,3,,,,,,,,,,,,,,,,,,,,,,,,,,,,,,,,,,,,,,,,,,,YES,,,,,,YES,,,YES,
Goals and Objectives,Goals_and_Objectives_LFS__c,2,,,,,,,,,,,,YES,YES,,,,,,,,,,,,,,,,,,,,,,,,,,,,,,,,,,,,,,,,
Group Id,VoucherGroupId__c,3,,,,,,,,,,,,,,,,,,,,,,,,,,,,,,,,,,,,,,,,,,,YES,,,,,,YES,,,YES,
HCP Mailing,HCP_Mailing_LFS__c,1,,,,,,,,,,,,YES,,,,,,,,,,,,,,,,,,,,,,,,,,,,,,,,,,,,,,,,,
Have you purchased test strips,PurchasedTestStrips__c,2,,,,,,,,,,,,,,,,,,,,,,,,,,,,,,,,,,,,,,,,,,,YES,,,,,,YES,,,,
Health & Wellness Initiatives,Health_Wellness_Initiatives_lfs__c,2,,,,,,,,,,,,YES,YES,,,,,,,,,,,,,,,,,,,,,,,,,,,,,,,,,,,,,,,,
IBAN,IBAN__c,1,,,,,,,,,,,YES,,,,,,,,,,,,,,,,,,,,,,,,,,,,,,,,,,,,,,,,,,
IMS Source Id,IMS_Source_Id_ANMS__c,0,,,,,,,,,,,,,,,,,,,,,,,,,,,,,,,,,,,,,,,,,,,,,,,,,,,,,
IMS Update Status,IMS_Update_Status_ANMS__c,0,,,,,,,,,,,,,,,,,,,,,,,,,,,,,,,,,,,,,,,,,,,,,,,,,,,,,
IMS#,IMS_LFS__c,1,,,,,,,,,,,,YES,,,,,,,,,,,,,,,,,,,,,,,,,,,,,,,,,,,,,,,,,
IND Test Strip Volume,IND_Test_Strip_Volume_LFS__c,0,,,,,,,,,,,,,,,,,,,,,,,,,,,,,,,,,,,,,,,,,,,,,,,,,,,,,
IVA,IVA__c,1,,,,,,,,,,,YES,,,,,,,,,,,,,,,,,,,,,,,,,,,,,,,,,,,,,,,,,,
IVR Record Type,IVRRecordType__c,0,,,,,,,,,,,,,,,,,,,,,,,,,,,,,,,,,,,,,,,,,,,,,,,,,,,,,
Ignore Cegedim Active/Inactive changes,Ignore_Cegedim_Active_Inactive_changes__c,0,,,,,,,,,,,,,,,,,,,,,,,,,,,,,,,,,,,,,,,,,,,,,,,,,,,,,
Impacted Meter Recall,Impacted_Meter_Recall__c,0,,,,,,,,,,,,,,,,,,,,,,,,,,,,,,,,,,,,,,,,,,,,,,,,,,,,,
Important Key Messages / Notes,Important_Key_Messages_Notes__c,3,,,,,,,,,,,,YES,YES,YES,,,,,,,,,,,,,,,,,,,,,,,,,,,,,,,,,,,,,,,
In-Store Radio Company,In_Store_Radio_Company__c,2,,,,,,,,,,,,YES,YES,,,,,,,,,,,,,,,,,,,,,,,,,,,,,,,,,,,,,,,,
Incorect_ZIP_Lenght,Incorect_ZIP_Lenght__c,0,,,,,,,,,,,,,,,,,,,,,,,,,,,,,,,,,,,,,,,,,,,,,,,,,,,,,
Indirect % Chg. vs. Previous 2 Year,Indirect_Chg_vs_Previous_2_Year_lfs__c,2,,,,,,,,,,,,YES,YES,,,,,,,,,,,,,,,,,,,,,,,,,,,,,,,,,,,,,,,,
Indirect % Chg. vs. Previous Year,Indirect_Chg_vs_Previous_Year_lfs__c,2,,,,,,,,,,,,YES,YES,,,,,,,,,,,,,,,,,,,,,,,,,,,,,,,,,,,,,,,,
Indirect Current Year Quota,Indirect_Current_Year_Quota_lfs__c,2,,,,,,,,,,,,YES,YES,,,,,,,,,,,,,,,,,,,,,,,,,,,,,,,,,,,,,,,,
Indirect Previous 2 Year $ Volume,Indirect_Previous_2_Year_Volume_lfs__c,2,,,,,,,,,,,,YES,YES,,,,,,,,,,,,,,,,,,,,,,,,,,,,,,,,,,,,,,,,
Indirect Previous Year $ Volume,Indirect_Previous_Year_Volume_lfs__c,2,,,,,,,,,,,,YES,YES,,,,,,,,,,,,,,,,,,,,,,,,,,,,,,,,,,,,,,,,
Industry,Industry,7,YES,YES,,YES,YES,YES,YES,,,,,,,YES,,,,,,,,,,,,,,,,,,,,,,,,,,,,,,,,,,,,,,,
Interested in BGM (Account),Interested_in_CGM_Account__c,0,,,,,,,,,,,,,,,,,,,,,,,,,,,,,,,,,,,,,,,,,,,,,,,,,,,,,
Internet/.com Marketing,Internet_com_Marketing__c,2,,,,,,,,,,,,YES,YES,,,,,,,,,,,,,,,,,,,,,,,,,,,,,,,,,,,,,,,,
Invalid Address,IsGoodAddress__c,3,,,,,,,,,,,,,,,,,,,,,,,,,,,,,,,,,,,,,,,,,,,YES,,,,,,YES,,,YES,
Invalid Email,IsGoodEmail__c,3,,,,,,,,,,,,,,,,,,,,,,,,,,,,,,,,,,,,,,,,,,,YES,,,,,,YES,,,YES,
Is ACS Active Customer,IsACSActiveCustomer__c,3,,,,,,,,,,,,,,,,,,,,,,,,,,,,,,,,,,,,,,,,,,,YES,,,,,,YES,,,YES,
Is Pharmacy Chain,Is_Pharmacy_Chain__c,3,,,,,,,,YES,YES,,,,,,,,,,YES,,,,,,,,,,,,,,,,,,,,,,,,,,,,,,,,,,
Is Target,Is_Target__c,1,,,YES,,,,,,,,,,,,,,,,,,,,,,,,,,,,,,,,,,,,,,,,,,,,,,,,,,
Is it the highest parent account?,Is_it_the_highest_parent_account__c,1,,,,,,,,,,,,,,,,,,,,,,YES,,,,,,,,,,,,,,,,,,,,,,,,,,,,,,,
IsCustomerPortal,IsCustomerPortal,0,,,,,,,,,,,,,,,,,,,,,,,,,,,,,,,,,,,,,,,,,,,,,,,,,,,,,
IsPartner,IsPartner,0,,,,,,,,,,,,,,,,,,,,,,,,,,,,,,,,,,,,,,,,,,,,,,,,,,,,,
Issue,Issue__c,5,,,,,,,,YES,YES,,,,,,,,YES,,YES,,YES,,,,,,,,,,,,,,,,,,,,,,,,,,,,,,,,
Issues/Red Flags,Issues_Red_Flags_LFS__c,4,,,,,,,,,,,,YES,YES,,YES,YES,,,,,,,,,,,,,,,,,,,,,,,,,,,,,,,,,,,,,
JDE Account Name,JDE_Account_Name__c,0,,,,,,,,,,,,,,,,,,,,,,,,,,,,,,,,,,,,,,,,,,,,,,,,,,,,,
JDE Account Number,JDE_Account_Number__c,1,,,,,,,,,,,,,,,,,,,,,YES,,,,,,,,,,,,,,,,,,,,,,,,,,,,,,,,
JDE Address Line,JDE_Address_line__c,0,,,,,,,,,,,,,,,,,,,,,,,,,,,,,,,,,,,,,,,,,,,,,,,,,,,,,
JDE Address Line Key,JDE_Address_line_key__c,0,,,,,,,,,,,,,,,,,,,,,,,,,,,,,,,,,,,,,,,,,,,,,,,,,,,,,
JDE Parent Address Number,JDE_Parent_Address_Number__c,2,,,,,,,,,YES,,YES,,,,,,,,,,,,,,,,,,,,,,,,,,,,,,,,,,,,,,,,,,
JDE Ship/Sold To Account #,JDE_ship_to_account_no__c,10,,,YES,,,,,YES,YES,YES,YES,,,,,,YES,,YES,YES,YES,,YES,,,,,,,,,,,,,,,,,,,,,,,,,,,,,,
Janssen POA,Janssen_POA_LFS__c,1,,,,,,,,,,,,YES,,,,,,,,,,,,,,,,,,,,,,,,,,,,,,,,,,,,,,,,,
Jigsaw,Jigsaw,0,,,,,,,,,,,,,,,,,,,,,,,,,,,,,,,,,,,,,,,,,,,,,,,,,,,,,
KA Notes,KA_Notes__c,7,,,YES,,,,,YES,YES,,,,,,,,YES,YES,YES,,,,YES,,,,,,,,,,,,,,,,,,,,,,,,,,,,,,
Key Account (Account),Key_Account__c,11,,,YES,,,,,YES,YES,YES,YES,,,,,,YES,YES,YES,YES,YES,,YES,,,,,,,,,,,,,,,,,,,,,,,,,,,,,,
Key Discussion Topics Recommended Asks,Key_Discussion_Topics_Recommended_Asks_l__c,2,,,,,,,,,,,,YES,YES,,,,,,,,,,,,,,,,,,,,,,,,,,,,,,,,,,,,,,,,
LFS Acct Share %,LFS_Acct_Share_lfs__c,2,,,,,,,,,,,,YES,YES,,,,,,,,,,,,,,,,,,,,,,,,,,,,,,,,,,,,,,,,
LFS Eq Strip Share %,LFS_Eq_Strip_Share_lfs__c,1,,,,,,,,,,,,YES,,,,,,,,,,,,,,,,,,,,,,,,,,,,,,,,,,,,,,,,,
LFS Meter Share %,LFS_Meter_Share_lfs__c,2,,,,,,,,,,,,YES,YES,,,,,,,,,,,,,,,,,,,,,,,,,,,,,,,,,,,,,,,,
LFS Programs,LFS_Programs_lfs__c,2,,,,,,,,,,,,YES,YES,,,,,,,,,,,,,,,,,,,,,,,,,,,,,,,,,,,,,,,,
Language (Account),Language__c,12,,,YES,YES,YES,,,YES,YES,YES,YES,,,,,,YES,,YES,YES,YES,,YES,,,,,,,,,,,,,,,,,,,,,,,,,,,,,,
Last Animas Call Date (Account),Animas_Last_Call_Date__c,4,,,,,,,,YES,YES,YES,YES,,,,,,,,,,,,,,,,,,,,,,,,,,,,,,,,,,,,,,,,,,
Last Animas Visit Date,Last_Animas_Visit_Date__c,0,,,,,,,,,,,,,,,,,,,,,,,,,,,,,,,,,,,,,,,,,,,,,,,,,,,,,
Last Call Date (Account),Last_Call_Date__c,11,,,YES,,,,,YES,YES,YES,YES,,,,,,YES,YES,YES,YES,YES,,YES,,,,,,,,,,,,,,,,,,,,,,,,,,,,,,
Last Modified By End User,Last_Modified_By_End_User__c,0,,,,,,,,,,,,,,,,,,,,,,,,,,,,,,,,,,,,,,,,,,,,,,,,,,,,,
Last Updated (#Sensor Patients),Last_Updated_Number_Sensor_Patients__c,10,,YES,,YES,YES,YES,YES,YES,YES,YES,YES,,,,,,,,,YES,,,,,,,,,,,,,,,,,,,,,,,,,,,,,,,,,
Last Updated (Animas Installed Base),Last_Updated_Animas_Installed_Base__c,10,,YES,,YES,YES,YES,YES,YES,YES,YES,YES,,,,,,,,,YES,,,,,,,,,,,,,,,,,,,,,,,,,,,,,,,,,
Last Updated (Market Share),Last_Updated_Market_Share__c,4,,,,,,,,YES,YES,YES,YES,,,,,,,,,,,,,,,,,,,,,,,,,,,,,,,,,,,,,,,,,,
Last Updated (New Patients),Last_Updated_New_Patients__c,10,,YES,,YES,YES,YES,YES,YES,YES,YES,YES,,,,,,,,,YES,,,,,,,,,,,,,,,,,,,,,,,,,,,,,,,,,
Last Updated (Prescriptions),Last_Updated_Presciptions__c,4,,,,,,,,YES,YES,YES,YES,,,,,,,,,,,,,,,,,,,,,,,,,,,,,,,,,,,,,,,,,,
Last Updated(Total Installed Base),Last_Updated_Total_Installed_Base__c,10,,YES,,YES,YES,YES,YES,YES,YES,YES,YES,,,,,,,,,YES,,,,,,,,,,,,,,,,,,,,,,,,,,,,,,,,,
Lat,Lat__c,11,,,YES,,,,,YES,YES,YES,YES,,,,,,YES,YES,YES,YES,YES,,YES,,,,,,,,,,,,,,,,,,,,,,,,,,,,,,
Latest/Current Device,Latest_Current_Device__c,0,,,,,,,,,,,,,,,,,,,,,,,,,,,,,,,,,,,,,,,,,,,,,,,,,,,,,
Lead Times for Ad (Months),Lead_Time_Reqd_for_Ads__c,2,,,,,,,,,,,,YES,YES,,,,,,,,,,,,,,,,,,,,,,,,,,,,,,,,,,,,,,,,
Legacy Notes,Legacy_Notes__c,6,,,,,,,,,,,,,,,,,,,,,,,,,,,,,,,,,,,,,,,,,,,,,YES,YES,YES,YES,,YES,YES,,
Lifescan Ordering,Lifescan_Ordering__c,3,,,,,,,,,,,,YES,YES,YES,,,,,,,,,,,,,,,,,,,,,,,,,,,,,,,,,,,,,,,
Lifescan of Total DC Sales,Lifescan_of_Total_Sales__c,0,,,,,,,,,,,,,,,,,,,,,,,,,,,,,,,,,,,,,,,,,,,,,,,,,,,,,
Lockdown Address,Lockdown_Address__c,2,,,YES,,,,,,,,,,,,,,,,,,,,YES,,,,,,,,,,,,,,,,,,,,,,,,,,,,,,
Lon,Lon__c,11,,,YES,,,,,YES,YES,YES,YES,,,,,,YES,YES,YES,YES,YES,,YES,,,,,,,,,,,,,,,,,,,,,,,,,,,,,,
Loyalty Program,Loyalty_Program_lfs__c,2,,,,,,,,,,,,YES,YES,,,,,,,,,,,,,,,,,,,,,,,,,,,,,,,,,,,,,,,,
MC Grid,MC_Grid_LFS__c,1,,,,,,,,,,,,YES,,,,,,,,,,,,,,,,,,,,,,,,,,,,,,,,,,,,,,,,,
MDF $'s (1st Half % Spend),MDF_1st_Half_Spend_lfs__c,2,,,,,,,,,,,,YES,YES,,,,,,,,,,,,,,,,,,,,,,,,,,,,,,,,,,,,,,,,
MDF Joint Marketing Fund %,MDF_Joint_Marketing_Fund__c,14,YES,YES,,YES,YES,YES,YES,YES,YES,YES,YES,,,,,,YES,,YES,YES,YES,,,,,,,,,,,,,,,,,,,,,,,,,,,,,,,,
MDM Request #,MDFRequest__c,3,,,,,,,,,,,,YES,YES,YES,,,,,,,,,,,,,,,,,,,,,,,,,,,,,,,,,,,,,,,
MDM Requested Date,MDMRequestedDate__c,2,,,,,,,,,,,,,YES,YES,,,,,,,,,,,,,,,,,,,,,,,,,,,,,,,,,,,,,,,
Major Specialty (Account),Major_Specialty__c,10,,,YES,,,,,YES,YES,YES,YES,,,,,,YES,,YES,YES,YES,,YES,,,,,,,,,,,,,,,,,,,,,,,,,,,,,,
Manual Patient Total Entry,Manual_Patient_Total_Entry__c,9,,,YES,,,,,YES,YES,YES,YES,,,,,,YES,,YES,YES,,,YES,,,,,,,,,,,,,,,,,,,,,,,,,,,,,,
Manufacturer resources for training?,Manufacturer_resources_for_training_ANMS__c,1,,,,,,,,,,,,,,,,,,YES,,,,,,,,,,,,,,,,,,,,,,,,,,,,,,,,,,,
Manufacturers on Formulary,Manufacturers_on_Formulary_LFS__c,0,,,,,,,,,,,,,,,,,,,,,,,,,,,,,,,,,,,,,,,,,,,,,,,,,,,,,
Mapped with SDB,Mapped_with_SDB__c,4,,,,,,,,YES,YES,,,,,,,,YES,,YES,,,,,,,,,,,,,,,,,,,,,,,,,,,,,,,,,,
Market Share %,Market_Share__c,4,,,,,,,,YES,YES,,,,,,,,YES,,YES,,,,,,,,,,,,,,,,,,,,,,,,,,,,,,,,,,
Market*,Market2__c,0,,,,,,,,,,,,,,,,,,,,,,,,,,,,,,,,,,,,,,,,,,,,,,,,,,,,,
MarketNULL,MarketNULL__c,0,,,,,,,,,,,,,,,,,,,,,,,,,,,,,,,,,,,,,,,,,,,,,,,,,,,,,
Marketing Program,Marketing_Program__c,1,,,,,,,,,,,,,,,,YES,,,,,,,,,,,,,,,,,,,,,,,,,,,,,,,,,,,,,
Master Agreement,Master_Agreement__c,1,,,,,,,,,,,,,,,,YES,,,,,,,,,,,,,,,,,,,,,,,,,,,,,,,,,,,,,
Master Agreement Owner,Master_Agreement_Owner__c,1,,,,,,,,,,,,,,,,YES,,,,,,,,,,,,,,,,,,,,,,,,,,,,,,,,,,,,,
Meals allowed for meetings,Meals_allowed_for_meetings__c,1,,,,,,,,,,,,,,,,,,YES,,,,,,,,,,,,,,,,,,,,,,,,,,,,,,,,,,,
MedPages_Number,MedPages_Number__c,2,,,,,,,,,,YES,YES,,,,,,,,,,,,,,,,,,,,,,,,,,,,,,,,,,,,,,,,,,
MediCaid #,MediCaid_LFS__c,1,,,,,,,,,,,,YES,,,,,,,,,,,,,,,,,,,,,,,,,,,,,,,,,,,,,,,,,
MediCal #,Medical__c,0,,,,,,,,,,,,,,,,,,,,,,,,,,,,,,,,,,,,,,,,,,,,,,,,,,,,,
MediCare #,MediCare_LFS__c,1,,,,,,,,,,,,YES,,,,,,,,,,,,,,,,,,,,,,,,,,,,,,,,,,,,,,,,,
Medical Director,Medical_Director_LFS__c,0,,,,,,,,,,,,,,,,,,,,,,,,,,,,,,,,,,,,,,,,,,,,,,,,,,,,,
Medium,SourceMedium__c,3,,,,,,,,,,,,,,,,,,,,,,,,,,,,,,,,,,,,,,,,,,,YES,,,,,,YES,,,YES,
Medtronic Market Share %,Medtronic_Market_Share__c,4,,,,,,,,YES,YES,YES,YES,,,,,,,,,,,,,,,,,,,,,,,,,,,,,,,,,,,,,,,,,,
Medtronic Prescription Account %,Medtronic_Prescription_Account__c,4,,,,,,,,YES,YES,YES,YES,,,,,,,,,,,,,,,,,,,,,,,,,,,,,,,,,,,,,,,,,,
Merch Project Status,Merch_Project_Status__c,7,,,YES,,,,,YES,YES,,,,,,,,YES,YES,YES,,,,YES,,,,,,,,,,,,,,,,,,,,,,,,,,,,,,
Merge Flag,Merge_flag__c,0,,,,,,,,,,,,,,,,,,,,,,,,,,,,,,,,,,,,,,,,,,,,,,,,,,,,,
Meter Boards,Meter_Boards__c,2,,,,,,,,,,,,YES,YES,,,,,,,,,,,,,,,,,,,,,,,,,,,,,,,,,,,,,,,,
Meter Registered Date,MeterRegisteredDate__c,3,,,,,,,,,,,,,,,,,,,,,,,,,,,,,,,,,,,,,,,,,,,YES,,,,,,YES,,,YES,
Modified Month,ModifiedByMonth__c,0,,,,,,,,,,,,,,,,,,,,,,,,,,,,,,,,,,,,,,,,,,,,,,,,,,,,,
Month Signed,Month_Signed__c,1,,,,,,,,,,,,,,,YES,,,,,,,,,,,,,,,,,,,,,,,,,,,,,,,,,,,,,,
My Target?,My_Target_ANMS__c,0,,,,,,,,,,,,,,,,,,,,,,,,,,,,,,,,,,,,,,,,,,,,,,,,,,,,,
MyWire Id,MyWire_ID_ANMS__c,0,,,,,,,,,,,,,,,,,,,,,,,,,,,,,,,,,,,,,,,,,,,,,,,,,,,,,
N2A%,N2A__c,4,,,,,,,,YES,YES,YES,YES,,,,,,,,,,,,,,,,,,,,,,,,,,,,,,,,,,,,,,,,,,
N2P%,N2P__c,4,,,,,,,,YES,YES,YES,YES,,,,,,,,,,,,,,,,,,,,,,,,,,,,,,,,,,,,,,,,,,
NCPDP,NCPDP_LFS__c,3,,,,,,,,,,,,YES,YES,YES,,,,,,,,,,,,,,,,,,,,,,,,,,,,,,,,,,,,,,,
NPI,NPI_LFS__c,3,,,,,,,,,,,,YES,YES,YES,,,,,,,,,,,,,,,,,,,,,,,,,,,,,,,,,,,,,,,
NSC,NSC_LFS__c,3,,,,,,,,,,,,YES,YES,YES,,,,,,,,,,,,,,,,,,,,,,,,,,,,,,,,,,,,,,,
Name,Name,50,YES,YES,YES,YES,YES,YES,YES,YES,YES,YES,YES,YES,YES,YES,YES,YES,YES,YES,YES,YES,YES,YES,YES,,YES,YES,YES,YES,YES,YES,YES,YES,YES,YES,YES,YES,,YES,YES,YES,YES,YES,YES,YES,YES,YES,YES,YES,YES,YES,YES,YES,
National Account,National_Account_LFS__c,3,,,,,,,,,,,,YES,YES,YES,,,,,,,,,,,,,,,,,,,,,,,,,,,,,,,,,,,,,,,
Need Appointment to Call?,Need_Appointment_to_Call__c,6,,,,,,,,,,,,YES,YES,YES,YES,YES,,YES,,,,,,,,,,,,,,,,,,,,,,,,,,,,,,,,,,,
New Account Owner,Account_Owner_Custom__c,0,,,,,,,,,,,,,,,,,,,,,,,,,,,,,,,,,,,,,,,,,,,,,,,,,,,,,
New Item Update,New_Item_Update_LFS__c,2,,,,,,,,,,,,YES,YES,,,,,,,,,,,,,,,,,,,,,,,,,,,,,,,,,,,,,,,,
New Owner Id,New_Owner_Id__c,0,,,,,,,,,,,,,,,,,,,,,,,,,,,,,,,,,,,,,,,,,,,,,,,,,,,,,
New Owner Id Backup,New_Owner_Id_Backup__c,0,,,,,,,,,,,,,,,,,,,,,,,,,,,,,,,,,,,,,,,,,,,,,,,,,,,,,
New Patients,New_Patients__c,11,YES,YES,,YES,YES,YES,YES,YES,YES,YES,YES,,,,,,,,,YES,,,,,,,,,,,,,,,,,,,,,,,,,,,,,,,,,
Next Animas Call Date (Account),Animas_Next_Call_Date__c,4,,,,,,,,YES,YES,YES,YES,,,,,,,,,,,,,,,,,,,,,,,,,,,,,,,,,,,,,,,,,,
Next Call Date (Account),Next_Call_Date__c,11,,,YES,,,,,YES,YES,YES,YES,,,,,,YES,YES,YES,YES,YES,,YES,,,,,,,,,,,,,,,,,,,,,,,,,,,,,,
No Promocode,NoPromocode__c,0,,,,,,,,,,,,,,,,,,,,,,,,,,,,,,,,,,,,,,,,,,,,,,,,,,,,,
Not visited territory,Not_visited_territory__c,4,,,,,,,,YES,YES,,,,,,,,YES,,YES,,,,,,,,,,,,,,,,,,,,,,,,,,,,,,,,,,
Number of 25 Strips Boxes Registered,Number_of_25_Strips_Boxes_Registered__c,20,YES,YES,,YES,YES,YES,YES,,,YES,YES,,,,,,,,,YES,,,,,,,,,,,,,,,,,,YES,,YES,YES,YES,,YES,YES,YES,YES,YES,,YES,YES,,
Number of 50 Strips Boxes Registered,Number_of_50_Strips_Boxes_Registered__c,20,YES,YES,,YES,YES,YES,YES,,,YES,YES,,,,,,,,,YES,,,,,,,,,,,,,,,,,,YES,,YES,YES,YES,,YES,YES,YES,YES,YES,,YES,YES,,
Number of patients,Number_of_patients__c,14,YES,YES,,YES,YES,YES,YES,YES,YES,YES,YES,,,,,,YES,,YES,YES,YES,,,,,,,,,,,,,,,,,,,,,,,,,,,,,,,,
NumberOfEmployees,NumberOfEmployees,4,YES,YES,,,,YES,YES,,,,,,,,,,,,,,,,,,,,,,,,,,,,,,,,,,,,,,,,,,,,,,
OT Reveal Installed,OT_Reveal_Installed__c,0,,,,,,,,,,,,,,,,,,,,,,,,,,,,,,,,,,,,,,,,,,,,,,,,,,,,,
OT Reveal Installed All,OT_Reveal_Installed_All__c,25,YES,YES,,YES,YES,YES,YES,YES,YES,YES,YES,,,,,,YES,,YES,YES,YES,,,,,,,,,,,,,,,,,YES,,YES,YES,YES,,YES,YES,YES,YES,YES,,YES,YES,,
OTC,OTC_lfs__c,2,,,,,,,,,,,,YES,YES,,,,,,,,,,,,,,,,,,,,,,,,,,,,,,,,,,,,,,,,
Offer Product Id,OfferProductId__c,2,,,,,,,,,,,,,,,,,,,,,,,,,,,,,,,,,,,,,,,,,,,YES,,,,,,YES,,,,
Offer a pump night or pump class?,Offer_a_pump_night_or_pump_class__c,1,,,,,,,,,,,,,,,,,,YES,,,,,,,,,,,,,,,,,,,,,,,,,,,,,,,,,,,
Offline Transaction (Account),Offline_Transaction__c,0,,,,,,,,,,,,,,,,,,,,,,,,,,,,,,,,,,,,,,,,,,,,,,,,,,,,,
Old Account Owner,Old_Owner_Name__c,0,,,,,,,,,,,,,,,,,,,,,,,,,,,,,,,,,,,,,,,,,,,,,,,,,,,,,
Old Owner Id,Old_Owner_Id__c,0,,,,,,,,,,,,,,,,,,,,,,,,,,,,,,,,,,,,,,,,,,,,,,,,,,,,,
On Hold,On_Hold__c,0,,,,,,,,,,,,,,,,,,,,,,,,,,,,,,,,,,,,,,,,,,,,,,,,,,,,,
OneTouch Strip Share %,Strip_Share_Percent_LFS__c,2,,,,,,,,,,,,YES,YES,,,,,,,,,,,,,,,,,,,,,,,,,,,,,,,,,,,,,,,,
OneTouch Volume EQ Strips,OneTouch_Volume_EQ_Strips__c,2,,,,,,,,,,,,YES,YES,,,,,,,,,,,,,,,,,,,,,,,,,,,,,,,,,,,,,,,,
Order Day,Order_Day__c,3,,,,,,,,,,,,YES,YES,YES,,,,,,,,,,,,,,,,,,,,,,,,,,,,,,,,,,,,,,,
Owner,Owner__c,5,,,,YES,YES,,,,,,,,,,YES,YES,,,,,,YES,,,,,,,,,,,,,,,,,,,,,,,,,,,,,,,
OwnerId,OwnerId,22,YES,YES,YES,,,YES,YES,YES,YES,YES,YES,YES,YES,YES,YES,,YES,YES,YES,YES,YES,YES,YES,,YES,,,,,,,,,,,,,,YES,,,,,,,,,,,,,,
Ownership,Ownership,0,,,,,,,,,,,,,,,,,,,,,,,,,,,,,,,,,,,,,,,,,,,,,,,,,,,,,
PAN EMEA Rebate %,PAN_EMEA_Rebate__c,14,YES,YES,,YES,YES,YES,YES,YES,YES,YES,YES,,,,,,YES,,YES,YES,YES,,,,,,,,,,,,,,,,,,,,,,,,,,,,,,,,
PBM,PBM__c,1,,,,,,,,,,,,YES,,,,,,,,,,,,,,,,,,,,,,,,,,,,,,,,,,,,,,,,,
PBM/PBA,PBM_PBA_LFS__c,0,,,,,,,,,,,,,,,,,,,,,,,,,,,,,,,,,,,,,,,,,,,,,,,,,,,,,
PL Brand & Eq Share %,PL_Brand_Eq_Share_lfs__c,2,,,,,,,,,,,,YES,YES,,,,,,,,,,,,,,,,,,,,,,,,,,,,,,,,,,,,,,,,
ParentId,ParentId,23,YES,YES,YES,YES,YES,YES,YES,YES,YES,YES,YES,YES,YES,YES,YES,YES,YES,YES,YES,YES,YES,YES,YES,,,,,,,,,,,,,,,,,,,,,,,,,,,,,,
Participant,Participant__c,2,,,,,,,,,,,,,YES,YES,,,,,,,,,,,,,,,,,,,,,,,,,,,,,,,,,,,,,,,
Partner ABCD (Account),Partner_ABCD__c,11,,,YES,,,,,YES,YES,YES,YES,,,,,,YES,YES,YES,YES,YES,,YES,,,,,,,,,,,,,,,,,,,,,,,,,,,,,,
Partner Target (Account),Partner_Target__c,11,,,YES,,,,,YES,YES,YES,YES,,,,,,YES,YES,YES,YES,YES,,YES,,,,,,,,,,,,,,,,,,,,,,,,,,,,,,
Patient/Parent Influence,Patient_Parent_Influence__c,3,,,YES,,,,,,,,,,,,,,,YES,,,,,YES,,,,,,,,,,,,,,,,,,,,,,,,,,,,,,
Payer Account Type,Payer_Account_Type__c,1,,,,,,,,,,,,YES,,,,,,,,,,,,,,,,,,,,,,,,,,,,,,,,,,,,,,,,,
Payer Customer Type,Payer_Customer_Type__c,2,,,,,,,,,,,,,,,YES,YES,,,,,,,,,,,,,,,,,,,,,,,,,,,,,,,,,,,,,
Payment Method,Payment_method__c,6,,,,,,,,YES,YES,,,,,,,,YES,,YES,YES,YES,,,,,,,,,,,,,,,,,,,,,,,,,,,,,,,,
Payment Option,PaymentOption__c,2,,,,,,,,,,,,,YES,YES,,,,,,,,,,,,,,,,,,,,,,,,,,,,,,,,,,,,,,,
Payment Terms,Payment_Terms__c,1,,,,,,,,,,,,,,,,,,,,YES,,,,,,,,,,,,,,,,,,,,,,,,,,,,,,,,,
Performance,Performance__c,1,,,,,,,,,,,YES,,,,,,,,,,,,,,,,,,,,,,,,,,,,,,,,,,,,,,,,,,
PersonAssistantName,PersonAssistantName,0,,,,,,,,,,,,,,,,,,,,,,,,,,,,,,,,,,,,,,,,,,,,,,,,,,,,,
PersonAssistantPhone,PersonAssistantPhone,0,,,,,,,,,,,,,,,,,,,,,,,,,,,,,,,,,,,,,,,,,,,,,,,,,,,,,
PersonBirthdate,PersonBirthdate,14,,,,,,,,,,,,,,,,,,,,,,,,,,,,,,,,,,,,,,YES,YES,YES,YES,YES,YES,YES,YES,YES,YES,YES,YES,YES,YES,,
PersonDepartment,PersonDepartment,3,,,,,,,,,,,,,,,,,,,,,,,,,,,,,,,,,,,,,,,,,,,YES,,,,,,YES,,,YES,
PersonDoNotCall,PersonDoNotCall,0,,,,,,,,,,,,,,,,,,,,,,,,,,,,,,,,,,,,,,,,,,,,,,,,,,,,,
PersonEmail,PersonEmail,15,,,,,,,,,,,,,,,,,,,,,,,,,,,,,,,,,,,,,,YES,YES,YES,YES,YES,YES,YES,YES,YES,YES,YES,YES,YES,YES,YES,
PersonHasOptedOutOfEmail,PersonHasOptedOutOfEmail,0,,,,,,,,,,,,,,,,,,,,,,,,,,,,,,,,,,,,,,,,,,,,,,,,,,,,,
PersonHasOptedOutOfFax,PersonHasOptedOutOfFax,0,,,,,,,,,,,,,,,,,,,,,,,,,,,,,,,,,,,,,,,,,,,,,,,,,,,,,
PersonHomePhone,PersonHomePhone,15,,,,,,,,,,,,,,,,,,,,,,,,,,,,,,,,,,,,,,YES,YES,YES,YES,YES,YES,YES,YES,YES,YES,YES,YES,YES,YES,YES,
PersonLastCURequestDate,PersonLastCURequestDate,0,,,,,,,,,,,,,,,,,,,,,,,,,,,,,,,,,,,,,,,,,,,,,,,,,,,,,
PersonLastCUUpdateDate,PersonLastCUUpdateDate,0,,,,,,,,,,,,,,,,,,,,,,,,,,,,,,,,,,,,,,,,,,,,,,,,,,,,,
PersonLeadSource,PersonLeadSource,0,,,,,,,,,,,,,,,,,,,,,,,,,,,,,,,,,,,,,,,,,,,,,,,,,,,,,
PersonMailingAddress,PersonMailingAddress,0,,,,,,,,,,,,,,,,,,,,,,,,,,,,,,,,,,,,,,,,,,,,,,,,,,,,,
PersonMobilePhone,PersonMobilePhone,14,,,,,,,,,,,,,,,,,,,,,,,,,,,,,,,,,,,,,,YES,,YES,YES,YES,YES,YES,YES,YES,YES,YES,YES,YES,YES,YES,
PersonOtherAddress,PersonOtherAddress,0,,,,,,,,,,,,,,,,,,,,,,,,,,,,,,,,,,,,,,,,,,,,,,,,,,,,,
PersonOtherPhone,PersonOtherPhone,11,,,,,,,,,,,,,,,,,,,,,,,,,,,,,,,,,,,,,,YES,,YES,YES,YES,,YES,YES,YES,YES,YES,,YES,YES,,
PersonTitle,PersonTitle,0,,,,,,,,,,,,,,,,,,,,,,,,,,,,,,,,,,,,,,,,,,,,,,,,,,,,,
Pharmacy Bags,Pharmacy_Bags__c,2,,,,,,,,,,,,YES,YES,,,,,,,,,,,,,,,,,,,,,,,,,,,,,,,,,,,,,,,,
Pharmacy Calendar,Pharmacy_Calendar__c,2,,,,,,,,,,,,YES,YES,,,,,,,,,,,,,,,,,,,,,,,,,,,,,,,,,,,,,,,,
Pharmacy Director,Pharmacy_Director_LFS__c,0,,,,,,,,,,,,,,,,,,,,,,,,,,,,,,,,,,,,,,,,,,,,,,,,,,,,,
Pharmacy Mailing,Pharmacy_Mailing_LFS__c,1,,,,,,,,,,,,YES,,,,,,,,,,,,,,,,,,,,,,,,,,,,,,,,,,,,,,,,,
Pharmacy Mailings,Pharmacy_Mailings__c,2,,,,,,,,,,,,YES,YES,,,,,,,,,,,,,,,,,,,,,,,,,,,,,,,,,,,,,,,,
Pharmacy chain,Pharmacy_chain__c,5,,,,,,,,YES,YES,,,,,,,,YES,,YES,,YES,,,,,,,,,,,,,,,,,,,,,,,,,,,,,,,,
Phone,Phone,21,YES,YES,YES,YES,YES,YES,YES,YES,YES,YES,YES,YES,YES,YES,YES,YES,YES,YES,YES,YES,,,YES,,,,,,,,,,,,,,,,,,,,,,,,,,,,,,
Place Verio,Place_Verio__c,26,YES,YES,,YES,YES,YES,YES,YES,YES,YES,YES,,,,,,YES,YES,YES,YES,YES,,,,,,,,,,,,,,,,,YES,,YES,YES,YES,,YES,YES,YES,YES,YES,,YES,YES,,
Planogram,Planogram_lfs__c,2,,,,,,,,,,,,YES,YES,,,,,,,,,,,,,,,,,,,,,,,,,,,,,,,,,,,,,,,,
Platinum Question Alert,Platinum_Question_Alert__c,6,,,,,,,,,,,,,,,,,,,,,,,,,,,,,,,,,,,,,,,,,,,,,YES,YES,YES,YES,,YES,YES,,
Platinum Question Flag,Platinum_Question_Flag__c,6,,,,,,,,,,,,,,,,,,,,,,,,,,,,,,,,,,,,,,,,,,,,,YES,YES,YES,YES,,YES,YES,,
Point of customer care,Point_of_customer_care__c,2,,,,,,,,,,,,,,,,,YES,,YES,,,,,,,,,,,,,,,,,,,,,,,,,,,,,,,,,,
Points for categorization,Points_for_categorization__c,4,,,,,,,,YES,YES,,,,,,,,YES,,YES,,,,,,,,,,,,,,,,,,,,,,,,,,,,,,,,,,
Possible Actions,Possible_Actions_ANMS__c,0,,,,,,,,,,,,,,,,,,,,,,,,,,,,,,,,,,,,,,,,,,,,,,,,,,,,,
Postcode Eligibility,Postcode_Eligibility__c,0,,,,,,,,,,,,,,,,,,,,,,,,,,,,,,,,,,,,,,,,,,,,,,,,,,,,,
Potential,Potential__c,1,,,,,,,,,,,YES,,,,,,,,,,,,,,,,,,,,,,,,,,,,,,,,,,,,,,,,,,
Practice writes stand-alone Dexcom?,Practice_write_stand_alone_Dexcom_ANMS__c,0,,,,,,,,,,,,,,,,,,,,,,,,,,,,,,,,,,,,,,,,,,,,,,,,,,,,,
Preferred Distributor,Preferred_Distributor__c,1,,,,,,,,,,,,,,,,YES,,,,,,,,,,,,,,,,,,,,,,,,,,,,,,,,,,,,,
Preferred Language,Preferred_Language__c,5,,,,,,,,,,,,YES,YES,YES,YES,YES,,,,,,,,,,,,,,,,,,,,,,,,,,,,,,,,,,,,,
Preferred Method of Contact,Preferred_Method_of_Contact__c,5,,,,,,,,,,,,YES,YES,YES,YES,YES,,,,,,,,,,,,,,,,,,,,,,,,,,,,,,,,,,,,,
Prescriber Influence,Prescriber_Influence__c,3,,,YES,,,,,,,,,,,,,,,YES,,,,,YES,,,,,,,,,,,,,,,,,,,,,,,,,,,,,,
Previous Year Actual,Previous_Year_Actual_LFS__c,2,,,,,,,,,,,,YES,YES,,,,,,,,,,,,,,,,,,,,,,,,,,,,,,,,,,,,,,,,
Price Parity,Price_Parity__c,3,,,,,,,,,,,,,YES,YES,,YES,,,,,,,,,,,,,,,,,,,,,,,,,,,,,,,,,,,,,
Price Protection,Price_Protection__c,1,,,,,,,,,,,,,,,,YES,,,,,,,,,,,,,,,,,,,,,,,,,,,,,,,,,,,,,
Pricing Mechanism,Pricing_Mechanism__c,14,YES,YES,,YES,YES,YES,YES,YES,YES,YES,YES,,,,,,YES,,YES,YES,YES,,,,,,,,,,,,,,,,,,,,,,,,,,,,,,,,
Prim Match Accepted,Prim_Match_Accepted__c,0,,,,,,,,,,,,,,,,,,,,,,,,,,,,,,,,,,,,,,,,,,,,,,,,,,,,,
Primary Address,Primary_Address__c,8,YES,YES,,YES,YES,,,,,,,,,,,,YES,YES,YES,YES,,,,,,,,,,,,,,,,,,,,,,,,,,,,,,,,,
Primary City,Primary_City__c,1,,,,,,,,,,,,,,,,,,YES,,,,,,,,,,,,,,,,,,,,,,,,,,,,,,,,,,,
Primary City on Contct,Primary_City_on_Contct__c,0,,,,,,,,,,,,,,,,,,,,,,,,,,,,,,,,,,,,,,,,,,,,,,,,,,,,,
Primary Contact,Primary_Contact__c,10,,,YES,,,,,YES,YES,YES,YES,,,,,,YES,YES,YES,YES,,,YES,,,,,,,,,,,,,,,,,,,,,,,,,,,,,,
Primary Country,Primary_Country__c,0,,,,,,,,,,,,,,,,,,,,,,,,,,,,,,,,,,,,,,,,,,,,,,,,,,,,,
Primary Country Code,Primary_Country_Code__c,0,,,,,,,,,,,,,,,,,,,,,,,,,,,,,,,,,,,,,,,,,,,,,,,,,,,,,
Primary Parent,Primary_Parent__c,0,,,,,,,,,,,,,,,,,,,,,,,,,,,,,,,,,,,,,,,,,,,,,,,,,,,,,
Primary State/Province,State_Animas_US__c,1,,,,,,,,,,,,,,,,,,YES,,,,,,,,,,,,,,,,,,,,,,,,,,,,,,,,,,,
Primary Street,Primary__c,0,,,,,,,,,,,,,,,,,,,,,,,,,,,,,,,,,,,,,,,,,,,,,,,,,,,,,
Primary Wholesaler,Primary_Wholesale__c,3,,,,,,,,,,,,YES,YES,YES,,,,,,,,,,,,,,,,,,,,,,,,,,,,,,,,,,,,,,,
Primary Zip/Postal Code,primary_Zip_Postal_Code__c,1,,,,,,,,,,,,,,,,,,YES,,,,,,,,,,,,,,,,,,,,,,,,,,,,,,,,,,,
Privacy Policy,PrivacyPolicy__c,3,,,,,,,,,,,,,,,,,,,,,,,,,,,,,,,,,,,,,,,,,,,YES,,,,,,YES,,,YES,
Professional Education,Professional_Education__c,1,,,,,,,,,,,,,,,,YES,,,,,,,,,,,,,,,,,,,,,,,,,,,,,,,,,,,,,
Promo End Day,Promo_End_Day__c,2,,,,,,,,,,,,YES,YES,,,,,,,,,,,,,,,,,,,,,,,,,,,,,,,,,,,,,,,,
Promo Start Day,Promo_Start_Day__c,2,,,,,,,,,,,,YES,YES,,,,,,,,,,,,,,,,,,,,,,,,,,,,,,,,,,,,,,,,
Promoter,Promoter__c,7,,,YES,,,,,YES,YES,,,,,,,,YES,YES,YES,,,,YES,,,,,,,,,,,,,,,,,,,,,,,,,,,,,,
Province Code,Province_Code__c,0,,,,,,,,,,,,,,,,,,,,,,,,,,,,,,,,,,,,,,,,,,,,,,,,,,,,,
RT Account Type,Account_Type_ID_Payer__c,2,,,,,,,,,,,,YES,,,YES,,,,,,,,,,,,,,,,,,,,,,,,,,,,,,,,,,,,,,
Rating,Rating,0,,,,,,,,,,,,,,,,,,,,,,,,,,,,,,,,,,,,,,,,,,,,,,,,,,,,,
Reason (Account),Reason__c,10,,,YES,,,,,YES,YES,YES,YES,,,,,,YES,,YES,YES,YES,,YES,,,,,,,,,,,,,,,,,,,,,,,,,,,,,,
Recalled Meter,Recalled_Meter__c,9,,,,,,,,,,,,,,,,,,,,,,,,,,,,,,,,,,,,,,YES,,,YES,,,,YES,YES,YES,YES,,YES,YES,YES,
Record Age,RecordAge__c,0,,,,,,,,,,,,,,,,,,,,,,,,,,,,,,,,,,,,,,,,,,,,,,,,,,,,,
Record Type,Copy_Of_Record_Type__c,19,YES,YES,,YES,YES,,,,,,,,,,,,,,,,,,,,,,,,,,,,,,,,,YES,YES,YES,YES,YES,YES,YES,YES,YES,YES,YES,YES,YES,YES,YES,
Region Code,Region_Code__c,1,,,,,,,,,,,,,,,,,,,,YES,,,,,,,,,,,,,,,,,,,,,,,,,,,,,,,,,
Region Type,Region_Type__c,1,,,,,,,,,,,,,,,,,,,,,,YES,,,,,,,,,,,,,,,,,,,,,,,,,,,,,,,
Registration # (Account),Registration_number__c,10,,,YES,,,,,YES,YES,YES,YES,,,,,,YES,,YES,YES,YES,,YES,,,,,,,,,,,,,,,,,,,,,,,,,,,,,,
Relationship,Relationship__c,1,,,,,,,,,,,,,,,,,,,,,,,,,,,,,,,,,,,,,,,,,,,YES,,,,,,,,,,
Remaining Calls / Cycle  (Account),Remaining_Calls_Cycle__c,4,,,,,,,,YES,YES,,,,,,,,YES,,YES,,,,,,,,,,,,,,,,,,,,,,,,,,,,,,,,,,
Reporting Code,ReportingCode__c,3,,,,,,,,,,,,,,,,,,,,,,,,,,,,,,,,,,,,,,,,,,,YES,,,,,,YES,,,YES,
Roche Market Share %,Roche_Market_Share__c,4,,,,,,,,YES,YES,YES,YES,,,,,,,,,,,,,,,,,,,,,,,,,,,,,,,,,,,,,,,,,,
Roche Prescription Account%,Roche_Prescription_Account__c,4,,,,,,,,YES,YES,YES,YES,,,,,,,,,,,,,,,,,,,,,,,,,,,,,,,,,,,,,,,,,,
Rolling 12M Sales,Rolling_12M_Sales__c,0,,,,,,,,,,,,,,,,,,,,,,,,,,,,,,,,,,,,,,,,,,,,,,,,,,,,,
Route,Route__c,0,,,,,,,,,,,,,,,,,,,,,,,,,,,,,,,,,,,,,,,,,,,,,,,,,,,,,
Rx,Rx_lfs__c,2,,,,,,,,,,,,YES,YES,,,,,,,,,,,,,,,,,,,,,,,,,,,,,,,,,,,,,,,,
Sales Code,Sales_Code__c,1,,,,,,,,,,,,,,,,,,,,,YES,,,,,,,,,,,,,,,,,,,,,,,,,,,,,,,,
Sales Per Door,Sales_Per_Door__c,3,,,,,,,,,,,,YES,YES,YES,,,,,,,,,,,,,,,,,,,,,,,,,,,,,,,,,,,,,,,
Secondary Wholesaler,Secondary_Wholesale__c,3,,,,,,,,,,,,YES,YES,YES,,,,,,,,,,,,,,,,,,,,,,,,,,,,,,,,,,,,,,,
Segment Number,Segment_Number__c,2,YES,,,,,,,,,,,,,,YES,,,,,,,,,,,,,,,,,,,,,,,,,,,,,,,,,,,,,,
Segment Placement,Segment_Placement__c,2,YES,,,,,,,,,,,,,,YES,,,,,,,,,,,,,,,,,,,,,,,,,,,,,,,,,,,,,,
Segmentation,Segmentation__c,2,,,,,,,,,,,,YES,,,,,,YES,,,,,,,,,,,,,,,,,,,,,,,,,,,,,,,,,,,
Select Primary Address,Primary_Address_LFS__c,0,,,,,,,,,,,,,,,,,,,,,,,,,,,,,,,,,,,,,,,,,,,,,,,,,,,,,
Send to Cegedim for Approval (Account),Send_to_Cegedim_for_Approval__c,11,,,YES,,,,,YES,YES,YES,YES,,,,,,YES,YES,YES,YES,YES,,YES,,,,,,,,,,,,,,,,,,,,,,,,,,,,,,
Sensor Type Preferred,Sensor_Type_Preferred__c,11,YES,YES,,YES,YES,YES,YES,YES,YES,YES,YES,,,,,,,,,YES,,,,,,,,,,,,,,,,,,,,,,,,,,,,,,,,,
Serial #,SerialNumber__c,0,,,,,,,,,,,,,,,,,,,,,,,,,,,,,,,,,,,,,,,,,,,,,,,,,,,,,
Set Validation Status By Trigger,Set_Validation_Status_By_Trigger__c,0,,,,,,,,,,,,,,,,,,,,,,,,,,,,,,,,,,,,,,,,,,,,,,,,,,,,,
Share of Shelf %,Share_of_Shelf_lfs__c,2,,,,,,,,,,,,YES,YES,,,,,,,,,,,,,,,,,,,,,,,,,,,,,,,,,,,,,,,,
Shelf Talker,Shelf_Talker__c,2,,,,,,,,,,,,YES,YES,,,,,,,,,,,,,,,,,,,,,,,,,,,,,,,,,,,,,,,,
Ship To Home,ShipToHome__c,2,,,,,,,,,,,,,YES,YES,,,,,,,,,,,,,,,,,,,,,,,,,,,,,,,,,,,,,,,
Shipping City,Mailing_City__c,0,,,,,,,,,,,,,,,,,,,,,,,,,,,,,,,,,,,,,,,,,,,,,,,,,,,,,
Shipping Country,Mailing_Country__c,0,,,,,,,,,,,,,,,,,,,,,,,,,,,,,,,,,,,,,,,,,,,,,,,,,,,,,
Shipping State/Province,Mailing_State_Province__c,0,,,,,,,,,,,,,,,,,,,,,,,,,,,,,,,,,,,,,,,,,,,,,,,,,,,,,
Shipping Street,Mailing_Street__c,0,,,,,,,,,,,,,,,,,,,,,,,,,,,,,,,,,,,,,,,,,,,,,,,,,,,,,
Shipping Zip/Postal Code,Mailing_Zip_Postal_Code__c,0,,,,,,,,,,,,,,,,,,,,,,,,,,,,,,,,,,,,,,,,,,,,,,,,,,,,,
ShippingAddress,ShippingAddress,37,YES,YES,YES,YES,YES,YES,YES,YES,YES,YES,YES,YES,YES,YES,YES,YES,YES,,YES,YES,YES,YES,YES,,,,,,,,,,,,,,,YES,YES,YES,YES,YES,YES,YES,YES,YES,YES,YES,YES,YES,YES,YES,
ShippingAddressComments,ShippingAddressComments__c,0,,,,,,,,,,,,,,,,,,,,,,,,,,,,,,,,,,,,,,,,,,,,,,,,,,,,,
Sic,Sic,0,,,,,,,,,,,,,,,,,,,,,,,,,,,,,,,,,,,,,,,,,,,,,,,,,,,,,
SicDesc,SicDesc,0,,,,,,,,,,,,,,,,,,,,,,,,,,,,,,,,,,,,,,,,,,,,,,,,,,,,,
Site,Site,0,,,,,,,,,,,,,,,,,,,,,,,,,,,,,,,,,,,,,,,,,,,,,,,,,,,,,
Software,Software__c,10,,,YES,,,,,YES,YES,YES,YES,,,,,,YES,,YES,YES,YES,,YES,,,,,,,,,,,,,,,,,,,,,,,,,,,,,,
Source,Animas_Target_Source__c,4,,,,,,,,YES,YES,YES,YES,,,,,,,,,,,,,,,,,,,,,,,,,,,,,,,,,,,,,,,,,,
Source (Account),Source__c,0,,,,,,,,,,,,,,,,,,,,,,,,,,,,,,,,,,,,,,,,,,,,,,,,,,,,,
Source Name,SourceName__c,3,,,,,,,,,,,,,,,,,,,,,,,,,,,,,,,,,,,,,,,,,,,YES,,,,,,YES,,,YES,
State/Province,State_Province__c,0,,,,,,,,,,,,,,,,,,,,,,,,,,,,,,,,,,,,,,,,,,,,,,,,,,,,,
Status,Status_lfs__c,5,,,,,,,,,,,,YES,YES,YES,YES,YES,,,,,,,,,,,,,,,,,,,,,,,,,,,,,,,,,,,,,
Store Count,Store_Count_lfs__c,3,,,,,,,,,,,,YES,YES,YES,,,,,,,,,,,,,,,,,,,,,,,,,,,,,,,,,,,,,,,
Store Personnel Titles,Store_Personnel_Titles__c,3,,,,,,,,,,,,YES,YES,YES,,,,,,,,,,,,,,,,,,,,,,,,,,,,,,,,,,,,,,,
Store Priorities,Store_Priorities__c,3,,,,,,,,,,,,YES,YES,YES,,,,,,,,,,,,,,,,,,,,,,,,,,,,,,,,,,,,,,,
Strategic Account,Strategic_Account__c,14,YES,YES,,YES,YES,YES,YES,YES,YES,YES,YES,,,,,,YES,,YES,YES,YES,,,,,,,,,,,,,,,,,,,,,,,,,,,,,,,,
Stream Type,Stream_Type__c,2,,,,,,,,,,,YES,,,,,,,,,YES,,,,,,,,,,,,,,,,,,,,,,,,,,,,,,,,,
Structure,Structure__c,4,YES,YES,,,,YES,YES,,,,,,,,,,,,,,,,,,,,,,,,,,,,,,,,,,,,,,,,,,,,,,
Sub-Status,Sub_Status__c,1,,,,,,,,,,,,YES,,,,,,,,,,,,,,,,,,,,,,,,,,,,,,,,,,,,,,,,,
Success Stories,Success_Stories_LFS__c,2,,,,,,,,,,,,YES,YES,,,,,,,,,,,,,,,,,,,,,,,,,,,,,,,,,,,,,,,,
Successful Competitive Tactics,Successful_Competitive_Tactics_lfs__c,2,,,,,,,,,,,,YES,YES,,,,,,,,,,,,,,,,,,,,,,,,,,,,,,,,,,,,,,,,
Suggested Calls Calculation / Cycle,Suggested_Calls_Calculation_Cycle__c,0,,,,,,,,,,,,,,,,,,,,,,,,,,,,,,,,,,,,,,,,,,,,,,,,,,,,,
Suppress all Calls,Suppress_all_Calls__c,13,,,YES,YES,YES,,,YES,YES,YES,YES,,,,,,YES,YES,YES,YES,YES,,YES,,,,,,,,,,,,,,,,,,,,,,,,,,,,,,
Suppress all Emails,Suppress_all_Emails__c,13,,,YES,YES,YES,,,YES,YES,YES,YES,,,,,,YES,YES,YES,YES,YES,,YES,,,,,,,,,,,,,,,,,,,,,,,,,,,,,,
Suppress all Mailings,Suppress_all_Mailings__c,11,,,YES,,,,,YES,YES,YES,YES,,,,,,YES,YES,YES,YES,YES,,YES,,,,,,,,,,,,,,,,,,,,,,,,,,,,,,
TOTAL % Chg. vs. Previous 2 Year,TOTAL_Chg_vs_Previous_2_Year_lfs__c,2,,,,,,,,,,,,YES,YES,,,,,,,,,,,,,,,,,,,,,,,,,,,,,,,,,,,,,,,,
TOTAL % Chg. vs. Previous Year,TOTAL_Chg_vs_Previous_Year_lfs__c,2,,,,,,,,,,,,YES,YES,,,,,,,,,,,,,,,,,,,,,,,,,,,,,,,,,,,,,,,,
TOTAL Current Year Quota,TOTAL_Current_Year_Quota_lfs__c,2,,,,,,,,,,,,YES,YES,,,,,,,,,,,,,,,,,,,,,,,,,,,,,,,,,,,,,,,,
TOTAL Previous 2 Year $ Volume,TOTAL_Previous_2_Year_Volume_lfs__c,2,,,,,,,,,,,,YES,YES,,,,,,,,,,,,,,,,,,,,,,,,,,,,,,,,,,,,,,,,
TOTAL Previous Year $ Volume,TOTAL_Previous_Year_Volume_lfs__c,2,,,,,,,,,,,,YES,YES,,,,,,,,,,,,,,,,,,,,,,,,,,,,,,,,,,,,,,,,
Tax Id,Tax_Id__c,5,,,,,,,,,YES,,YES,YES,YES,YES,,,,,,,,,,,,,,,,,,,,,,,,,,,,,,,,,,,,,,,
Team,Team__c,1,,,,,,,,,,,,,,,,,,YES,,,,,,,,,,,,,,,,,,,,,,,,,,,,,,,,,,,
Tender VAT,Tender_VAT__c,14,YES,YES,,YES,YES,YES,YES,YES,YES,YES,YES,,,,,,YES,,YES,YES,YES,,,,,,,,,,,,,,,,,,,,,,,,,,,,,,,,
Term,Term__c,3,,,,,,,,,,,,,,,,,,,,,,,,,,,,,,,,,,,,,,,,,,,YES,,,,,,YES,,,YES,
Terr Rule Applied,Terr_Rule_Applied__c,17,YES,YES,YES,YES,YES,YES,YES,YES,YES,YES,YES,,,,,,YES,YES,YES,YES,YES,,YES,,,,,,,,,,,,,,,,,,,,,,,,,,,,,,
Territory,Territory_LFS__c,3,,,,,,,,,,,,YES,YES,YES,,,,,,,,,,,,,,,,,,,,,,,,,,,,,,,,,,,,,,,
TickerSymbol,TickerSymbol,0,,,,,,,,,,,,,,,,,,,,,,,,,,,,,,,,,,,,,,,,,,,,,,,,,,,,,
Tier,Tier__c,3,,,,,,,,,,,,,,,,,,,,,,,,,,,,,,,,,,,,,,,,,,,YES,,,,,,YES,,,YES,
Time Zone,Biz_Time_Zone__c,1,,,,,,,,,,,,YES,,,,,,,,,,,,,,,,,,,,,,,,,,,,,,,,,,,,,,,,,
Top Account,Top_Account__c,0,,,,,,,,,,,,,,,,,,,,,,,,,,,,,,,,,,,,,,,,,,,,,,,,,,,,,
Total # Lives,LFS_Total_Lives__c,0,,,,,,,,,,,,,,,,,,,,,,,,,,,,,,,,,,,,,,,,,,,,,,,,,,,,,
Total # Pharmacists,Total_Pharmacists_LFS__c,3,,,,,,,,,,,,YES,YES,YES,,,,,,,,,,,,,,,,,,,,,,,,,,,,,,,,,,,,,,,
Total Annual Sales,Total_Annual_Sales__c,2,,,,,,,,,,,,YES,,,YES,,,,,,,,,,,,,,,,,,,,,,,,,,,,,,,,,,,,,,
Total Installed Base,Total_Installed_Base__c,11,YES,YES,,YES,YES,YES,YES,YES,YES,YES,YES,,,,,,,,,YES,,,,,,,,,,,,,,,,,,,,,,,,,,,,,,,,,
Total Pump Percentage,Total_Pump_Percentage__c,0,,,,,,,,,,,,,,,,,,,,,,,,,,,,,,,,,,,,,,,,,,,,,,,,,,,,,
Total Volume/Performance Discount %,Total_Volume_Performance_Discount__c,14,YES,YES,,YES,YES,YES,YES,YES,YES,YES,YES,,,,,,YES,,YES,YES,YES,,,,,,,,,,,,,,,,,,,,,,,,,,,,,,,,
Total Volume/Performance Rebate %,Total_Volume_Performance_Rebate__c,14,YES,YES,,YES,YES,YES,YES,YES,YES,YES,YES,,,,,,YES,,YES,YES,YES,,,,,,,,,,,,,,,,,,,,,,,,,,,,,,,,
Total annual pumps prescribed,Total_annual_pumps_prescribed_ANMS__c,1,,,,,,,,,,,,,,,,,,YES,,,,,,,,,,,,,,,,,,,,,,,,,,,,,,,,,,,
Tote/Shipment Stuffers,Tote_Shipment_Stuffers__c,2,,,,,,,,,,,,YES,YES,,,,,,,,,,,,,,,,,,,,,,,,,,,,,,,,,,,,,,,,
Trade Show,Trade_Show__c,2,,,,,,,,,,,,YES,YES,,,,,,,,,,,,,,,,,,,,,,,,,,,,,,,,,,,,,,,,
Training Contracting Center,Training_Contracting_Center__c,0,,,,,,,,,,,,,,,,,,,,,,,,,,,,,,,,,,,,,,,,,,,,,,,,,,,,,
Treatment Method,TreatmentMethod__c,3,,,,,,,,,,,,,,,,,,,,,,,,,,,,,,,,,,,,,,,,,,,YES,,,,,,YES,,,YES,
Type,Type,7,YES,YES,,,,YES,YES,,YES,,,,,,,,,,,YES,,YES,,,,,,,,,,,,,,,,,,,,,,,,,,,,,,,
Type I Patients?,Type_I_patients__c,1,,,,,,,,,,,,,,,,,,,,,YES,,,,,,,,,,,,,,,,,,,,,,,,,,,,,,,,
Type Of File,TypeOfFile__c,3,,,,,,,,,,,,,,,,,,,,,,,,,,,,,,,,,,,,,,,,,,,YES,,,,,,YES,,,YES,
Type of Display,Type_of_Display__c,2,,,,,,,,,,,,,,,,,YES,,YES,,,,,,,,,,,,,,,,,,,,,,,,,,,,,,,,,,
Type of Legal Entity,TypeOfLegalEntity__c,2,,,,,,,,,,,,,YES,YES,,,,,,,,,,,,,,,,,,,,,,,,,,,,,,,,,,,,,,,
UCN,UCN_LFS__c,3,,,,,,,,,,,,YES,YES,YES,,,,,,,,,,,,,,,,,,,,,,,,,,,,,,,,,,,,,,,
UNC #,UNC__c,1,,,,,,,,,,,,,,YES,,,,,,,,,,,,,,,,,,,,,,,,,,,,,,,,,,,,,,,
Unbranded Prescription,Unbranded_Prescription__c,4,,,,,,,,YES,YES,,,,,,,,YES,,YES,,,,,,,,,,,,,,,,,,,,,,,,,,,,,,,,,,
VAT %,VAT__c,0,,,,,,,,,,,,,,,,,,,,,,,,,,,,,,,,,,,,,,,,,,,,,,,,,,,,,
VAT Rate,Reimbursement_VAT__c,14,YES,YES,,YES,YES,YES,YES,YES,YES,YES,YES,,,,,,YES,,YES,YES,YES,,,,,,,,,,,,,,,,,,,,,,,,,,,,,,,,
Validation Request Comment (Account),CEGEDIM_Comment__c,11,,,YES,,,,,YES,YES,YES,YES,,,,,,YES,YES,YES,YES,YES,,YES,,,,,,,,,,,,,,,,,,,,,,,,,,,,,,
Validation Response Feedback (Account),Validation_Request_Feedback__c,11,,,YES,,,,,YES,YES,YES,YES,,,,,,YES,YES,YES,YES,YES,,YES,,,,,,,,,,,,,,,,,,,,,,,,,,,,,,
Validation Status (Account),Validation_Status__c,15,YES,YES,YES,YES,YES,,,YES,YES,YES,YES,,,,,,YES,YES,YES,YES,YES,,YES,,,,,,,,,,,,,,,,,,,,,,,,,,,,,,
Vendor #,Vendor_Num__c,3,,,,,,,,,,,,YES,YES,YES,,,,,,,,,,,,,,,,,,,,,,,,,,,,,,,,,,,,,,,
View Account Currency,View_Account_Currency__c,10,YES,YES,,YES,YES,YES,YES,,,YES,YES,,,,,,YES,,,,YES,,,,,,,,,,,,,,,,,,,,,,,,,,,,,,,,
Voucher Number,VoucherNumber__c,3,,,,,,,,,,,,,,,,,,,,,,,,,,,,,,,,,,,,,,,,,,,YES,,,,,,YES,,,YES,
Voucher Status,Voucher__c,3,,,,,,,,,,,,,,,,,,,,,,,,,,,,,,,,,,,,,,,,,,,YES,,,,,,YES,,,YES,
Voucher Status Comments,VoucherStatusComments__c,3,,,,,,,,,,,,,,,,,,,,,,,,,,,,,,,,,,,,,,,,,,,YES,,,,,,YES,,,YES,
Web/Digital Strategy,Web_Digital_Strategy_lfs__c,2,,,,,,,,,,,,YES,YES,,,,,,,,,,,,,,,,,,,,,,,,,,,,,,,,,,,,,,,,
Website,Website,8,YES,YES,,YES,YES,YES,YES,,,,,,YES,YES,,,,,,,,,,,,,,,,,,,,,,,,,,,,,,,,,,,,,,,
Week Of The Year,WeekOfTheYear__c,0,,,,,,,,,,,,,,,,,,,,,,,,,,,,,,,,,,,,,,,,,,,,,,,,,,,,,
Ypsomed Market Share %,Ypsomed_Market_Share__c,4,,,,,,,,YES,YES,YES,YES,,,,,,,,,,,,,,,,,,,,,,,,,,,,,,,,,,,,,,,,,,
Ypsomed Prescription Account %,Ypsomed_Prescription_Account__c,4,,,,,,,,YES,YES,YES,YES,,,,,,,,,,,,,,,,,,,,,,,,,,,,,,,,,,,,,,,,,,
iDesign Flyer,iDesign_Flyer_LFS__c,1,,,,,,,,,,,,YES,,,,,,,,,,,,,,,,,,,,,,,,,,,,,,,,,,,,,,,,,
is Skip Primary Address Validation,JJ_SRS_isSkipPrimaryAddressValidation__c,0,,,,,,,,,,,,,,,,,,,,,,,,,,,,,,,,,,,,,,,,,,,,,,,,,,,,,
market,market__c,0,,,,,,,,,,,,,,,,,,,,,,,,,,,,,,,,,,,,,,,,,,,,,,,,,,,,,
